timestamp,dcdc_grid_power
2019/5/8 00:00,0
2019/5/8 00:15,0
2019/5/8 00:30,0
2019/5/8 00:45,0
2019/5/8 01:00,0
2019/5/8 01:15,0
2019/5/8 01:30,0
2019/5/8 01:45,0
2019/5/8 02:00,0
2019/5/8 02:15,0
2019/5/8 02:30,0
2019/5/8 02:45,0
2019/5/8 03:00,0
2019/5/8 03:15,0
2019/5/8 03:30,0
2019/5/8 03:45,0
2019/5/8 04:00,0
2019/5/8 04:15,0
2019/5/8 04:30,0
2019/5/8 04:45,0
2019/5/8 05:00,0
2019/5/8 05:15,0
2019/5/8 05:30,0
2019/5/8 05:45,0
2019/5/8 06:00,0
2019/5/8 06:15,0
2019/5/8 06:30,0
2019/5/8 06:45,0
2019/5/8 07:00,0
2019/5/8 07:15,0
2019/5/8 07:30,0
2019/5/8 07:45,3.944666667
2019/5/8 08:00,3.416
2019/5/8 08:15,252.8073333
2019/5/8 08:30,164.389
2019/5/8 08:45,-2.277333333
2019/5/8 09:00,-2.277333333
2019/5/8 09:15,208.3333333
2019/5/8 09:30,230.0606667
2019/5/8 09:45,326.9433333
2019/5/8 10:00,560.666
2019/5/8 10:15,2.074
2019/5/8 10:30,0.813333333
2019/5/8 10:45,1.138666667
2019/5/8 11:00,1.138666667
2019/5/8 11:15,1.057333333
2019/5/8 11:30,1.138666667
2019/5/8 11:45,1.22
2019/5/8 12:00,1.179333333
2019/5/8 12:15,1.138666667
2019/5/8 12:30,1.22
2019/5/8 12:45,1.22
2019/5/8 13:00,1.179333333
2019/5/8 13:15,1.179333333
2019/5/8 13:30,1.138666667
2019/5/8 13:45,0.854
2019/5/8 14:00,0.935333333
2019/5/8 14:15,0.203333333
2019/5/8 14:30,0
2019/5/8 14:45,0
2019/5/8 15:00,0
2019/5/8 15:15,0
2019/5/8 15:30,0
2019/5/8 15:45,0
2019/5/8 16:00,0
2019/5/8 16:15,1.138666667
2019/5/8 16:30,1.260666667
2019/5/8 16:45,1.260666667
2019/5/8 17:00,1.179333333
2019/5/8 17:15,1.098
2019/5/8 17:30,1.057333333
2019/5/8 17:45,1.179333333
2019/5/8 18:00,1.179333333
2019/5/8 18:15,1.22
2019/5/8 18:30,1.22
2019/5/8 18:45,1.260666667
2019/5/8 19:00,71.32866667
2019/5/8 19:15,373.5333333
2019/5/8 19:30,-1.260666667
2019/5/8 19:45,-1.911333333
2019/5/8 20:00,-1.138666667
2019/5/8 20:15,-1.22
2019/5/8 20:30,-1.22
2019/5/8 20:45,-1.22
2019/5/8 21:00,-1.138666667
2019/5/8 21:15,-0.772666667
2019/5/8 21:30,-0.569333333
2019/5/8 21:45,-0.284666667
2019/5/8 22:00,-0.203333333
2019/5/8 22:15,-0.040666667
2019/5/8 22:30,0
2019/5/8 22:45,0
2019/5/8 23:00,0
2019/5/8 23:15,0
2019/5/8 23:30,0
2019/5/8 23:45,0
2019/5/9 00:00,0
2019/5/9 00:15,0
2019/5/9 00:30,0
2019/5/9 00:45,0
2019/5/9 01:00,0
2019/5/9 01:15,0
2019/5/9 01:30,0
2019/5/9 01:45,0
2019/5/9 02:00,0
2019/5/9 02:15,0
2019/5/9 02:30,0
2019/5/9 02:45,0
2019/5/9 03:00,0
2019/5/9 03:15,0
2019/5/9 03:30,0
2019/5/9 03:45,0
2019/5/9 04:00,0
2019/5/9 04:15,0
2019/5/9 04:30,0
2019/5/9 04:45,0
2019/5/9 05:00,0
2019/5/9 05:15,0
2019/5/9 05:30,0
2019/5/9 05:45,0
2019/5/9 06:00,0
2019/5/9 06:15,0
2019/5/9 06:30,0
2019/5/9 06:45,0
2019/5/9 07:00,0
2019/5/9 07:15,0
2019/5/9 07:30,0
2019/5/9 07:45,0
2019/5/9 08:00,1.098
2019/5/9 08:15,3.091333333
2019/5/9 08:30,2.155333333
2019/5/9 08:45,1.545333333
2019/5/9 09:00,1.057333333
2019/5/9 09:15,0.650666667
2019/5/9 09:30,0.976
2019/5/9 09:45,1.993
2019/5/9 10:00,0.61
2019/5/9 10:15,0.406666667
2019/5/9 10:30,0.935333333
2019/5/9 10:45,0.325333333
2019/5/9 11:00,0.488
2019/5/9 11:15,117.0646667
2019/5/9 11:30,332.1936667
2019/5/9 11:45,-0.081333333
2019/5/9 12:00,232.3806667
2019/5/9 12:15,327.6346667
2019/5/9 12:30,628.5786667
2019/5/9 12:45,557.495
2019/5/9 13:00,574.4613333
2019/5/9 13:15,328.123
2019/5/9 13:30,653.3173333
2019/5/9 13:45,592.8936667
2019/5/9 14:00,634.682
2019/5/9 14:15,257.0786667
2019/5/9 14:30,-0.447333333
2019/5/9 14:45,-1.911333333
2019/5/9 15:00,-2.196
2019/5/9 15:15,255.2893333
2019/5/9 15:30,580.5653333
2019/5/9 15:45,0.813333333
2019/5/9 16:00,-0.081333333
2019/5/9 16:15,-0.122
2019/5/9 16:30,0
2019/5/9 16:45,0
2019/5/9 17:00,0
2019/5/9 17:15,0.813666667
2019/5/9 17:30,0.040666667
2019/5/9 17:45,0.040666667
2019/5/9 18:00,0.284666667
2019/5/9 18:15,0.773
2019/5/9 18:30,0
2019/5/9 18:45,0
2019/5/9 19:00,0
2019/5/9 19:15,0
2019/5/9 19:30,0
2019/5/9 19:45,0
2019/5/9 20:00,0
2019/5/9 20:15,0
2019/5/9 20:30,0
2019/5/9 20:46,0
2019/5/9 21:01,0
2019/5/9 21:16,0
2019/5/9 21:31,0
2019/5/9 21:46,0
2019/5/9 22:01,0
2019/5/9 22:16,0
2019/5/9 22:31,0
2019/5/9 22:46,0
2019/5/9 23:01,0
2019/5/9 23:16,0
2019/5/9 23:31,0
2019/5/9 23:46,0
2019/5/10 00:00,0
2019/5/10 00:15,0
2019/5/10 00:30,0
2019/5/10 00:45,0
2019/5/10 01:00,0
2019/5/10 01:15,0
2019/5/10 01:30,0
2019/5/10 01:45,0
2019/5/10 02:00,0
2019/5/10 02:15,0
2019/5/10 02:30,0
2019/5/10 02:45,0
2019/5/10 03:00,0
2019/5/10 03:15,0
2019/5/10 03:30,0
2019/5/10 03:45,0
2019/5/10 04:00,0
2019/5/10 04:15,0
2019/5/10 04:30,0
2019/5/10 04:45,0
2019/5/10 05:00,0
2019/5/10 05:15,0
2019/5/10 05:30,0
2019/5/10 05:45,0
2019/5/10 06:00,0
2019/5/10 06:15,0
2019/5/10 06:30,0
2019/5/10 06:45,0
2019/5/10 07:00,0
2019/5/10 07:15,0
2019/5/10 07:30,0
2019/5/10 07:45,0
2019/5/10 08:00,0
2019/5/10 08:15,0
2019/5/10 08:30,0
2019/5/10 08:45,0
2019/5/10 09:00,0
2019/5/10 09:15,0
2019/5/10 09:30,0
2019/5/10 09:45,0
2019/5/10 10:00,1.789333333
2019/5/10 10:15,0.081333333
2019/5/10 10:30,0
2019/5/10 10:45,0
2019/5/10 11:00,0
2019/5/10 11:15,0
2019/5/10 11:30,0
2019/5/10 11:45,0
2019/5/10 12:00,0
2019/5/10 12:15,0
2019/5/10 12:30,0
2019/5/10 12:45,0
2019/5/10 13:00,0
2019/5/10 13:15,0
2019/5/10 13:30,0.732
2019/5/10 13:45,419.3503333
2019/5/10 14:00,-1.22
2019/5/10 14:15,-1.22
2019/5/10 14:30,-1.22
2019/5/10 14:45,-1.22
2019/5/10 15:00,0.976
2019/5/10 15:15,1.22
2019/5/10 15:30,1.179333333
2019/5/10 15:45,0.976
2019/5/10 16:00,1.057333333
2019/5/10 16:15,0.162666667
2019/5/10 16:30,0
2019/5/10 16:45,0
2019/5/10 17:00,0
2019/5/10 17:15,0
2019/5/10 17:30,0
2019/5/10 17:45,0
2019/5/10 18:00,0
2019/5/10 18:15,0
2019/5/10 18:30,0
2019/5/10 18:45,0
2019/5/10 19:00,0
2019/5/10 19:15,0
2019/5/10 19:30,0
2019/5/10 19:45,0
2019/5/10 20:00,0
2019/5/10 20:15,0
2019/5/10 20:30,0
2019/5/10 20:45,0
2019/5/10 21:00,0
2019/5/10 21:15,0
2019/5/10 21:30,0
2019/5/10 21:45,0
2019/5/10 22:00,0
2019/5/10 22:15,0
2019/5/10 22:30,0
2019/5/10 22:45,0
2019/5/10 23:00,0
2019/5/10 23:15,0
2019/5/10 23:30,0
2019/5/10 23:45,0
2019/5/11 00:00,0
2019/5/11 00:15,0
2019/5/11 00:30,0
2019/5/11 00:45,0
2019/5/11 01:00,0
2019/5/11 01:15,0
2019/5/11 01:30,0
2019/5/11 01:45,0
2019/5/11 02:00,0
2019/5/11 02:15,0
2019/5/11 02:30,0
2019/5/11 02:45,0
2019/5/11 03:01,0
2019/5/11 03:16,0
2019/5/11 03:31,0
2019/5/11 03:46,0
2019/5/11 04:01,0
2019/5/11 04:16,0
2019/5/11 04:31,0
2019/5/11 04:46,0
2019/5/11 05:01,0
2019/5/11 05:16,0
2019/5/11 05:31,0
2019/5/11 05:46,0
2019/5/11 06:01,0
2019/5/11 06:16,0
2019/5/11 06:31,0
2019/5/11 06:46,0
2019/5/11 07:01,0
2019/5/11 07:16,0
2019/5/11 07:31,0
2019/5/11 07:46,0
2019/5/11 08:01,0
2019/5/11 08:16,0
2019/5/11 08:31,0
2019/5/11 08:46,0
2019/5/11 09:01,69.78366667
2019/5/11 09:16,350.0963333
2019/5/11 09:31,-2.318
2019/5/11 09:46,-2.358666667
2019/5/11 10:01,-2.236666667
2019/5/11 10:16,-1.260666667
2019/5/11 10:31,-1.22
2019/5/11 10:46,-1.22
2019/5/11 11:01,-1.22
2019/5/11 11:16,-1.22
2019/5/11 11:31,-1.22
2019/5/11 11:46,-1.22
2019/5/11 12:01,-0.894666667
2019/5/11 12:16,-0.040666667
2019/5/11 12:31,-0.203333333
2019/5/11 12:46,-1.138666667
2019/5/11 13:01,440.7953333
2019/5/11 13:16,0.61
2019/5/11 13:31,465.9
2019/5/11 13:46,604.8573333
2019/5/11 14:01,651.894
2019/5/11 14:16,633.7866667
2019/5/11 14:31,679.2386667
2019/5/11 14:46,444.4146667
2019/5/11 15:01,1.016666667
2019/5/11 15:16,0.040666667
2019/5/11 15:31,-0.406666667
2019/5/11 15:46,-0.284666667
2019/5/11 16:01,-0.569333333
2019/5/11 16:16,-0.162666667
2019/5/11 16:31,-0.244
2019/5/11 16:46,-0.203333333
2019/5/11 17:01,0
2019/5/11 17:16,327.5536667
2019/5/11 17:31,95.865
2019/5/11 17:46,0.081333333
2019/5/11 18:01,0
2019/5/11 18:16,0.040666667
2019/5/11 18:31,0
2019/5/11 18:47,0
2019/5/11 19:02,443.0726667
2019/5/11 19:17,324.9913333
2019/5/11 19:32,114.95
2019/5/11 19:47,-3.538
2019/5/11 20:02,-3.538
2019/5/11 20:17,-2.480666667
2019/5/11 20:32,-1.22
2019/5/11 20:47,-1.22
2019/5/11 21:02,-1.22
2019/5/11 21:17,-1.22
2019/5/11 21:32,-1.22
2019/5/11 21:47,-1.22
2019/5/11 22:02,-1.22
2019/5/11 22:17,-1.22
2019/5/11 22:32,-1.179333333
2019/5/11 22:47,-1.22
2019/5/11 23:02,-1.22
2019/5/11 23:17,-1.179333333
2019/5/11 23:32,-1.138666667
2019/5/11 23:47,-0.935333333
2019/5/12 00:00,-0.772666667
2019/5/12 00:15,-0.61
2019/5/12 00:30,-0.691333333
2019/5/12 00:45,-0.528666667
2019/5/12 01:00,-0.569333333
2019/5/12 01:15,-0.284666667
2019/5/12 01:30,-0.366
2019/5/12 01:45,-0.447333333
2019/5/12 02:00,-0.528666667
2019/5/12 02:15,-0.488
2019/5/12 02:30,-0.325333333
2019/5/12 02:45,-0.162666667
2019/5/12 03:00,-0.325333333
2019/5/12 03:15,-0.406666667
2019/5/12 03:30,-0.406666667
2019/5/12 03:45,-0.569333333
2019/5/12 04:00,-0.406666667
2019/5/12 04:15,-0.284666667
2019/5/12 04:30,-0.325333333
2019/5/12 04:45,-0.61
2019/5/12 05:00,-0.447333333
2019/5/12 05:15,-0.203333333
2019/5/12 05:30,-0.406666667
2019/5/12 05:45,-0.122
2019/5/12 06:00,-0.284666667
2019/5/12 06:15,-0.162666667
2019/5/12 06:30,-0.284666667
2019/5/12 06:45,-0.488
2019/5/12 07:00,-0.813333333
2019/5/12 07:15,-0.569333333
2019/5/12 07:30,-0.976
2019/5/12 07:45,-1.138666667
2019/5/12 08:00,-1.057333333
2019/5/12 08:15,-1.22
2019/5/12 08:30,-0.691333333
2019/5/12 08:45,1.545333333
2019/5/12 09:00,1.057333333
2019/5/12 09:15,0.447333333
2019/5/12 09:30,-0.081333333
2019/5/12 09:45,-0.366
2019/5/12 10:00,-0.203333333
2019/5/12 10:15,-0.040666667
2019/5/12 10:30,-0.040666667
2019/5/12 10:45,-0.040666667
2019/5/12 11:00,-0.162666667
2019/5/12 11:15,-0.772666667
2019/5/12 11:30,445.1873333
2019/5/12 11:45,677.449
2019/5/12 12:00,607.4196667
2019/5/12 12:15,418.9453333
2019/5/12 12:30,652.016
2019/5/12 12:45,647.0533333
2019/5/12 13:00,-0.569333333
2019/5/12 13:15,-1.911
2019/5/12 13:30,-2.114666667
2019/5/12 13:45,-2.44
2019/5/12 14:00,-2.277333333
2019/5/12 14:15,-2.196
2019/5/12 14:30,-1.301
2019/5/12 14:45,-2.033333333
2019/5/12 15:00,-2.155333333
2019/5/12 15:15,-2.399333333
2019/5/12 15:30,-2.236666667
2019/5/12 15:45,-2.399333333
2019/5/12 16:00,-2.155333333
2019/5/12 16:15,-2.114666667
2019/5/12 16:30,-1.789333333
2019/5/12 16:45,-1.83
2019/5/12 17:00,-1.545333333
2019/5/12 17:15,-1.504666667
2019/5/12 17:30,431.1526667
2019/5/12 17:45,629.717
2019/5/12 18:00,652.2193333
2019/5/12 18:15,71.61333333
2019/5/12 18:30,0
2019/5/12 18:46,0
2019/5/12 19:01,0
2019/5/12 19:16,-0.040666667
2019/5/12 19:31,0
2019/5/12 19:46,0
2019/5/12 20:01,-0.040666667
2019/5/12 20:16,0
2019/5/12 20:31,0
2019/5/12 20:46,0
2019/5/12 21:01,0
2019/5/12 21:16,0
2019/5/12 21:31,0
2019/5/12 21:46,0
2019/5/12 22:01,0
2019/5/12 22:16,0
2019/5/12 22:31,0
2019/5/12 22:46,0
2019/5/12 23:01,0
2019/5/12 23:16,0
2019/5/12 23:31,0
2019/5/12 23:46,0
2019/5/13 00:00,0
2019/5/13 00:15,0
2019/5/13 00:30,0
2019/5/13 00:45,0
2019/5/13 01:00,0
2019/5/13 01:15,0
2019/5/13 01:30,0
2019/5/13 01:45,0
2019/5/13 02:00,0
2019/5/13 02:15,0
2019/5/13 02:30,0
2019/5/13 02:45,0
2019/5/13 03:00,0
2019/5/13 03:15,0
2019/5/13 03:30,0
2019/5/13 03:45,0
2019/5/13 04:00,0
2019/5/13 04:15,0
2019/5/13 04:30,0
2019/5/13 04:45,0
2019/5/13 05:00,0
2019/5/13 05:15,0
2019/5/13 05:30,0
2019/5/13 05:45,0
2019/5/13 06:00,0
2019/5/13 06:15,0
2019/5/13 06:30,0
2019/5/13 06:45,0
2019/5/13 07:00,0
2019/5/13 07:15,0
2019/5/13 07:30,1.504666667
2019/5/13 07:45,2.318
2019/5/13 08:00,1.911333333
2019/5/13 08:15,1.138666667
2019/5/13 08:30,0.488
2019/5/13 08:45,0
2019/5/13 09:00,-0.122
2019/5/13 09:15,-0.081333333
2019/5/13 09:30,-0.122
2019/5/13 09:45,-0.569333333
2019/5/13 10:00,428.8323333
2019/5/13 10:15,0.284666667
2019/5/13 10:30,-0.61
2019/5/13 10:45,426.351
2019/5/13 11:00,-0.122
2019/5/13 11:15,605.3446667
2019/5/13 11:30,630.2866667
2019/5/13 11:45,627.197
2019/5/13 12:00,303.262
2019/5/13 12:15,0.203333333
2019/5/13 12:30,0
2019/5/13 12:45,0
2019/5/13 13:00,0
2019/5/13 13:15,-0.081333333
2019/5/13 13:30,-0.040666667
2019/5/13 13:45,0
2019/5/13 14:00,-0.081333333
2019/5/13 14:15,-0.162666667
2019/5/13 14:30,0
2019/5/13 14:45,-0.122
2019/5/13 15:00,-0.650666667
2019/5/13 15:15,-0.325333333
2019/5/13 15:30,-0.406666667
2019/5/13 15:46,-0.691333333
2019/5/13 16:01,-0.488
2019/5/13 16:16,-0.691333333
2019/5/13 16:31,-0.203333333
2019/5/13 16:46,186.5633333
2019/5/13 17:01,675.0063333
2019/5/13 17:16,446.0413333
2019/5/13 17:31,1.342
2019/5/13 17:46,0.081333333
2019/5/13 18:01,0.203333333
2019/5/13 18:16,0.366
2019/5/13 18:31,0.081333333
2019/5/13 18:46,0.081333333
2019/5/13 19:01,0.040666667
2019/5/13 19:16,0.203333333
2019/5/13 19:31,0.406666667
2019/5/13 19:46,0.976
2019/5/13 20:01,1.138666667
2019/5/13 20:16,0.040666667
2019/5/13 20:31,0
2019/5/13 20:46,0
2019/5/13 21:01,0
2019/5/13 21:16,0
2019/5/13 21:31,0
2019/5/13 21:46,0
2019/5/13 22:01,0
2019/5/13 22:16,0
2019/5/13 22:31,0
2019/5/13 22:46,0
2019/5/13 23:01,0
2019/5/13 23:16,0
2019/5/13 23:31,0
2019/5/13 23:46,0
2019/5/14 00:00,0
2019/5/14 00:15,0
2019/5/14 00:30,0
2019/5/14 00:45,0
2019/5/14 01:00,0
2019/5/14 01:15,0
2019/5/14 01:30,0
2019/5/14 01:45,0
2019/5/14 02:00,0
2019/5/14 02:15,0
2019/5/14 02:30,0
2019/5/14 02:45,0
2019/5/14 03:00,0
2019/5/14 03:15,0
2019/5/14 03:30,0
2019/5/14 03:45,0
2019/5/14 04:00,0
2019/5/14 04:15,0
2019/5/14 04:30,0
2019/5/14 04:45,0
2019/5/14 05:00,0
2019/5/14 05:15,0
2019/5/14 05:30,0
2019/5/14 05:45,0
2019/5/14 06:00,0
2019/5/14 06:15,0
2019/5/14 06:30,0
2019/5/14 06:45,0
2019/5/14 07:00,0
2019/5/14 07:15,0
2019/5/14 07:30,0
2019/5/14 07:45,0
2019/5/14 08:00,0
2019/5/14 08:15,0
2019/5/14 08:30,0
2019/5/14 08:45,-0.569333333
2019/5/14 09:00,442.5033333
2019/5/14 09:15,418.2926667
2019/5/14 09:30,-2.562
2019/5/14 09:45,-3.456666667
2019/5/14 10:00,-3.253333333
2019/5/14 10:15,-2.074
2019/5/14 10:30,-1.22
2019/5/14 10:45,-0.243666667
2019/5/14 11:00,-0.935333333
2019/5/14 11:15,444.4586667
2019/5/14 11:30,-4.595333333
2019/5/14 11:45,-5.042666667
2019/5/14 12:00,-5.815333333
2019/5/14 12:15,-6.018666667
2019/5/14 12:31,252.1173333
2019/5/14 12:46,602.5383333
2019/5/14 13:01,583.453
2019/5/14 13:16,651.5686667
2019/5/14 13:31,606.2803333
2019/5/14 13:46,604.572
2019/5/14 14:01,105.2653333
2019/5/14 14:16,-2.114666667
2019/5/14 14:31,-1.708
2019/5/14 14:46,-1.179333333
2019/5/14 15:01,210.6106667
2019/5/14 15:16,212.198
2019/5/14 15:31,-0.528666667
2019/5/14 15:46,22.17666667
2019/5/14 16:01,443.1543333
2019/5/14 16:16,442.3813333
2019/5/14 16:31,419.8793333
2019/5/14 16:46,421.14
2019/5/14 17:01,561.4386667
2019/5/14 17:16,327.8383333
2019/5/14 17:31,443.5206667
2019/5/14 17:46,0.122
2019/5/14 18:01,-0.081333333
2019/5/14 18:16,-0.081333333
2019/5/14 18:31,0.813666667
2019/5/14 18:46,0.040666667
2019/5/14 19:01,0
2019/5/14 19:16,0
2019/5/14 19:31,0
2019/5/14 19:46,0
2019/5/14 20:01,0
2019/5/14 20:16,0
2019/5/14 20:31,0
2019/5/14 20:46,0
2019/5/14 21:01,0
2019/5/14 21:16,0
2019/5/14 21:31,0
2019/5/14 21:46,0
2019/5/14 22:01,0
2019/5/14 22:16,0
2019/5/14 22:31,0
2019/5/14 22:46,0
2019/5/14 23:01,0
2019/5/14 23:16,0
2019/5/14 23:31,0
2019/5/14 23:46,0
2019/5/15 00:00,0
2019/5/15 00:15,0
2019/5/15 00:30,0
2019/5/15 00:45,0
2019/5/15 01:00,0
2019/5/15 01:15,0
2019/5/15 01:30,0
2019/5/15 01:45,0
2019/5/15 02:00,0
2019/5/15 02:15,0
2019/5/15 02:30,0
2019/5/15 02:45,0
2019/5/15 03:00,0
2019/5/15 03:15,0
2019/5/15 03:30,0
2019/5/15 03:45,0
2019/5/15 04:00,0
2019/5/15 04:15,0
2019/5/15 04:30,0
2019/5/15 04:45,0
2019/5/15 05:00,0
2019/5/15 05:15,0
2019/5/15 05:30,0
2019/5/15 05:45,0
2019/5/15 06:00,0
2019/5/15 06:15,0
2019/5/15 06:30,0
2019/5/15 06:45,0
2019/5/15 07:00,0
2019/5/15 07:15,0
2019/5/15 07:30,0
2019/5/15 07:45,0
2019/5/15 08:00,0.162666667
2019/5/15 08:15,0.366
2019/5/15 08:30,-0.081333333
2019/5/15 08:45,-0.366
2019/5/15 09:00,-0.650333333
2019/5/15 09:15,-1.423333333
2019/5/15 09:30,-1.911333333
2019/5/15 09:45,-2.318
2019/5/15 10:00,-2.236666667
2019/5/15 10:15,-2.358666667
2019/5/15 10:30,-2.44
2019/5/15 10:45,-2.521333333
2019/5/15 11:00,370.646
2019/5/15 11:15,46.834
2019/5/15 11:30,-2.033333333
2019/5/15 11:45,-2.44
2019/5/15 12:00,-2.643333333
2019/5/15 12:15,-2.806
2019/5/15 12:30,-2.643333333
2019/5/15 12:45,-3.538333333
2019/5/15 13:00,-3.212666667
2019/5/15 13:15,-3.212666667
2019/5/15 13:30,-2.968666667
2019/5/15 13:45,-2.114333333
2019/5/15 14:00,-2.846666667
2019/5/15 14:15,-3.05
2019/5/15 14:30,-2.846666667
2019/5/15 14:45,-2.602666667
2019/5/15 15:00,-2.521333333
2019/5/15 15:15,-2.480666667
2019/5/15 15:30,-2.44
2019/5/15 15:45,-2.399333333
2019/5/15 16:00,-2.480666667
2019/5/15 16:15,-2.44
2019/5/15 16:30,-2.44
2019/5/15 16:45,-2.44
2019/5/15 17:00,-2.358666667
2019/5/15 17:15,-2.358666667
2019/5/15 17:30,68.116
2019/5/15 17:45,373.6153333
2019/5/15 18:00,-1.545333333
2019/5/15 18:15,-2.399333333
2019/5/15 18:30,-2.277333333
2019/5/15 18:45,-2.114666667
2019/5/15 19:00,-2.318
2019/5/15 19:15,-1.83
2019/5/15 19:30,-1.342
2019/5/15 19:45,-1.260666667
2019/5/15 20:00,-1.545333333
2019/5/15 20:16,-0.732
2019/5/15 20:31,-0.569333333
2019/5/15 20:46,0
2019/5/15 21:01,0
2019/5/15 21:16,0
2019/5/15 21:31,0
2019/5/15 21:46,0
2019/5/15 22:01,0
2019/5/15 22:16,0
2019/5/15 22:31,0
2019/5/15 22:46,0
2019/5/15 23:01,0
2019/5/15 23:16,0
2019/5/15 23:31,0
2019/5/15 23:46,0
2019/5/16 00:00,0
2019/5/16 00:15,0
2019/5/16 00:30,0
2019/5/16 00:45,0
2019/5/16 01:00,0
2019/5/16 01:15,0
2019/5/16 01:30,0
2019/5/16 01:45,0
2019/5/16 02:00,0
2019/5/16 02:15,0
2019/5/16 02:30,0
2019/5/16 02:45,0
2019/5/16 03:00,0
2019/5/16 03:15,0
2019/5/16 03:30,0
2019/5/16 03:45,0
2019/5/16 04:00,0
2019/5/16 04:15,0
2019/5/16 04:30,0
2019/5/16 04:45,0
2019/5/16 05:00,0
2019/5/16 05:15,0
2019/5/16 05:30,0
2019/5/16 05:45,0
2019/5/16 06:00,0
2019/5/16 06:15,0
2019/5/16 06:30,0
2019/5/16 06:45,0
2019/5/16 07:00,0
2019/5/16 07:15,0
2019/5/16 07:30,0
2019/5/16 07:45,0
2019/5/16 08:00,0
2019/5/16 08:15,0
2019/5/16 08:30,0
2019/5/16 08:45,0
2019/5/16 09:00,1.586
2019/5/16 09:15,1.992666667
2019/5/16 09:30,257.1593333
2019/5/16 09:45,162.3543333
2019/5/16 10:00,-2.399333333
2019/5/16 10:15,-1.382666667
2019/5/16 10:30,-1.22
2019/5/16 10:45,-1.22
2019/5/16 11:00,-1.22
2019/5/16 11:15,-0.569333333
2019/5/16 11:30,1.179333333
2019/5/16 11:45,0.854
2019/5/16 12:00,345.9073333
2019/5/16 12:15,89.72333333
2019/5/16 12:30,-3.619333333
2019/5/16 12:45,-3.090333333
2019/5/16 13:00,-2.317333333
2019/5/16 13:15,-3.416
2019/5/16 13:30,-3.538
2019/5/16 13:45,-3.497333333
2019/5/16 14:00,-2.521333333
2019/5/16 14:15,-1.260666667
2019/5/16 14:30,0.366
2019/5/16 14:45,0.040666667
2019/5/16 15:00,1.423333333
2019/5/16 15:15,1.626666667
2019/5/16 15:30,2.603
2019/5/16 15:45,1.911333333
2019/5/16 16:01,1.789333333
2019/5/16 16:16,2.114666667
2019/5/16 16:31,141.356
2019/5/16 16:46,280.0283333
2019/5/16 17:01,-2.44
2019/5/16 17:16,-2.44
2019/5/16 17:31,-1.342
2019/5/16 17:46,-1.22
2019/5/16 18:01,-1.179333333
2019/5/16 18:16,-1.22
2019/5/16 18:31,-1.016666667
2019/5/16 18:46,-0.813333333
2019/5/16 19:01,-0.447333333
2019/5/16 19:16,-0.040666667
2019/5/16 19:31,-0.040666667
2019/5/16 19:46,-0.122
2019/5/16 20:01,-0.081333333
2019/5/16 20:16,-0.040666667
2019/5/16 20:31,0
2019/5/16 20:46,0
2019/5/16 21:01,0
2019/5/16 21:16,-0.081333333
2019/5/16 21:31,0
2019/5/16 21:46,0
2019/5/16 22:01,0
2019/5/16 22:16,0
2019/5/16 22:31,0
2019/5/16 22:46,0
2019/5/16 23:01,0
2019/5/16 23:16,0
2019/5/16 23:31,0
2019/5/16 23:46,0
2019/5/17 00:00,0
2019/5/17 00:15,0
2019/5/17 00:30,0
2019/5/17 00:45,0
2019/5/17 01:00,0
2019/5/17 01:15,0
2019/5/17 01:30,0
2019/5/17 01:45,0
2019/5/17 02:00,0
2019/5/17 02:15,0
2019/5/17 02:30,0
2019/5/17 02:45,0
2019/5/17 03:00,0
2019/5/17 03:15,0
2019/5/17 03:30,0
2019/5/17 03:45,0
2019/5/17 04:00,0
2019/5/17 04:15,0
2019/5/17 04:30,0
2019/5/17 04:45,0
2019/5/17 05:00,0
2019/5/17 05:15,0
2019/5/17 05:30,0
2019/5/17 05:45,-0.040666667
2019/5/17 06:00,0
2019/5/17 06:15,0
2019/5/17 06:30,-0.040666667
2019/5/17 06:45,0
2019/5/17 07:00,-0.122
2019/5/17 07:15,-0.122
2019/5/17 07:30,-0.203333333
2019/5/17 07:45,-0.203333333
2019/5/17 08:00,-0.406666667
2019/5/17 08:15,0.935333333
2019/5/17 08:30,2.603
2019/5/17 08:45,1.870666667
2019/5/17 09:00,1.382666667
2019/5/17 09:15,0.406666667
2019/5/17 09:31,0.040666667
2019/5/17 09:46,-0.040666667
2019/5/17 10:01,371.0933333
2019/5/17 10:16,69.98666667
2019/5/17 10:31,-0.162666667
2019/5/17 10:46,138.7126667
2019/5/17 11:01,466.0626667
2019/5/17 11:16,257.404
2019/5/17 11:31,-0.244333333
2019/5/17 11:46,443.276
2019/5/17 12:01,397.6213333
2019/5/17 12:16,652.9926667
2019/5/17 12:31,309.6506667
2019/5/17 12:46,-0.081333333
2019/5/17 13:01,-0.040666667
2019/5/17 13:16,-0.325333333
2019/5/17 13:31,-0.325333333
2019/5/17 13:46,-0.528666667
2019/5/17 14:01,405.64
2019/5/17 14:16,1.260666667
2019/5/17 14:31,-0.325333333
2019/5/17 14:46,-0.528666667
2019/5/17 15:01,-0.040666667
2019/5/17 15:16,-0.081333333
2019/5/17 15:31,-0.081333333
2019/5/17 15:46,0
2019/5/17 16:01,-0.447333333
2019/5/17 16:16,-0.894666667
2019/5/17 16:31,420.8963333
2019/5/17 16:46,1.260666667
2019/5/17 17:01,234.9846667
2019/5/17 17:16,186.6473333
2019/5/17 17:31,-2.643333333
2019/5/17 17:46,-2.684
2019/5/17 18:01,-2.684
2019/5/17 18:16,-2.44
2019/5/17 18:31,419.635
2019/5/17 18:46,-1.708
2019/5/17 19:01,-1.22
2019/5/17 19:16,-1.22
2019/5/17 19:31,-1.22
2019/5/17 19:46,-1.22
2019/5/17 20:01,-1.22
2019/5/17 20:16,-1.22
2019/5/17 20:31,-1.138666667
2019/5/17 20:46,-1.179333333
2019/5/17 21:01,-1.179333333
2019/5/17 21:16,-1.179333333
2019/5/17 21:31,-1.098
2019/5/17 21:46,-0.976
2019/5/17 22:01,-0.732
2019/5/17 22:16,-1.016666667
2019/5/17 22:31,-1.179333333
2019/5/17 22:46,-1.016666667
2019/5/17 23:01,-1.016666667
2019/5/17 23:16,-0.976
2019/5/17 23:31,-0.935333333
2019/5/17 23:46,-1.016666667
2019/5/18 00:00,-1.016666667
2019/5/18 00:15,-0.772666667
2019/5/18 00:30,-0.447333333
2019/5/18 00:45,-0.894666667
2019/5/18 01:00,-0.61
2019/5/18 01:15,-0.732
2019/5/18 01:30,-0.406666667
2019/5/18 01:45,-0.284666667
2019/5/18 02:00,-0.284666667
2019/5/18 02:15,-0.162666667
2019/5/18 02:30,-0.366
2019/5/18 02:45,-0.162666667
2019/5/18 03:00,-0.366
2019/5/18 03:15,-0.244
2019/5/18 03:30,-0.528666667
2019/5/18 03:45,-0.325333333
2019/5/18 04:00,-0.081333333
2019/5/18 04:15,-0.122
2019/5/18 04:30,-0.122
2019/5/18 04:45,-0.081333333
2019/5/18 05:00,-0.040666667
2019/5/18 05:15,-0.162666667
2019/5/18 05:30,-0.366
2019/5/18 05:45,-0.528666667
2019/5/18 06:00,-0.244
2019/5/18 06:15,-0.447333333
2019/5/18 06:30,-0.528666667
2019/5/18 06:45,-0.569333333
2019/5/18 07:00,-0.61
2019/5/18 07:15,-0.691333333
2019/5/18 07:30,-0.732
2019/5/18 07:45,-0.447333333
2019/5/18 08:00,-0.976
2019/5/18 08:15,-1.138666667
2019/5/18 08:30,-1.138666667
2019/5/18 08:45,-1.22
2019/5/18 09:00,-1.22
2019/5/18 09:15,0.040666667
2019/5/18 09:30,0.081333333
2019/5/18 09:45,0.040666667
2019/5/18 10:00,0
2019/5/18 10:15,0
2019/5/18 10:30,0
2019/5/18 10:45,-0.447333333
2019/5/18 11:00,-0.935333333
2019/5/18 11:15,-1.098
2019/5/18 11:30,-0.976
2019/5/18 11:45,0
2019/5/18 12:00,-0.040666667
2019/5/18 12:15,-0.081333333
2019/5/18 12:30,-0.528666667
2019/5/18 12:45,-0.488
2019/5/18 13:00,69.17333333
2019/5/18 13:15,350.096
2019/5/18 13:30,-0.894666667
2019/5/18 13:45,418.2526667
2019/5/18 14:00,514.2793333
2019/5/18 14:15,653.5613333
2019/5/18 14:30,594.3593333
2019/5/18 14:45,583.29
2019/5/18 15:00,627.805
2019/5/18 15:15,116.902
2019/5/18 15:30,-2.033333333
2019/5/18 15:45,230.6316667
2019/5/18 16:00,552.2043333
2019/5/18 16:15,444.3333333
2019/5/18 16:30,536.0496667
2019/5/18 16:45,652.75
2019/5/18 17:00,607.256
2019/5/18 17:15,-0.406666667
2019/5/18 17:30,-2.236666667
2019/5/18 17:45,300.2933333
2019/5/18 18:00,140.38
2019/5/18 18:15,-0.040666667
2019/5/18 18:30,-0.122
2019/5/18 18:45,-0.203333333
2019/5/18 19:00,-0.203333333
2019/5/18 19:15,-0.122
2019/5/18 19:30,0.773
2019/5/18 19:45,-0.162666667
2019/5/18 20:00,0.244
2019/5/18 20:15,0
2019/5/18 20:30,0
2019/5/18 20:45,0
2019/5/18 21:00,0
2019/5/18 21:15,0
2019/5/18 21:30,0
2019/5/18 21:45,0
2019/5/18 22:00,0
2019/5/18 22:15,0
2019/5/18 22:30,0
2019/5/18 22:45,0
2019/5/18 23:00,0
2019/5/18 23:15,0
2019/5/18 23:30,0
2019/5/18 23:45,0
2019/5/19 00:00,0
2019/5/19 00:15,0
2019/5/19 00:30,0
2019/5/19 00:45,0
2019/5/19 01:00,0
2019/5/19 01:15,0
2019/5/19 01:30,0
2019/5/19 01:45,0
2019/5/19 02:00,0
2019/5/19 02:15,0
2019/5/19 02:30,0
2019/5/19 02:45,0
2019/5/19 03:00,0
2019/5/19 03:15,0
2019/5/19 03:30,0
2019/5/19 03:45,0
2019/5/19 04:00,0
2019/5/19 04:15,0
2019/5/19 04:30,0
2019/5/19 04:45,0
2019/5/19 05:00,0
2019/5/19 05:15,0
2019/5/19 05:30,0
2019/5/19 05:45,0
2019/5/19 06:00,0
2019/5/19 06:15,0
2019/5/19 06:30,0
2019/5/19 06:45,0
2019/5/19 07:00,0
2019/5/19 07:15,0.081333333
2019/5/19 07:30,0.976
2019/5/19 07:45,1.016666667
2019/5/19 08:00,1.179333333
2019/5/19 08:15,1.912
2019/5/19 08:30,-0.122
2019/5/19 08:45,423.2603333
2019/5/19 09:00,-4.88
2019/5/19 09:15,65.88
2019/5/19 09:31,325.032
2019/5/19 09:46,136.842
2019/5/19 10:01,300.2526667
2019/5/19 10:16,-3.578666667
2019/5/19 10:31,-4.432666667
2019/5/19 10:46,-4.717333333
2019/5/19 11:01,-4.839333333
2019/5/19 11:16,-5.286666667
2019/5/19 11:31,-4.920666667
2019/5/19 11:46,-5.449333333
2019/5/19 12:01,-4.920666667
2019/5/19 12:16,-4.88
2019/5/19 12:31,-5.083333333
2019/5/19 12:46,-4.717333333
2019/5/19 13:01,-4.473666667
2019/5/19 13:16,-3.944666667
2019/5/19 13:31,-4.229333333
2019/5/19 13:46,-4.758
2019/5/19 14:01,-4.758
2019/5/19 14:16,-4.798666667
2019/5/19 14:31,-4.148
2019/5/19 14:46,-3.741333333
2019/5/19 15:01,-3.66
2019/5/19 15:16,-3.700666667
2019/5/19 15:31,-3.538
2019/5/19 15:46,-3.619333333
2019/5/19 16:01,-3.456666667
2019/5/19 16:16,-3.456666667
2019/5/19 16:31,-2.806
2019/5/19 16:46,419.5543333
2019/5/19 17:01,-0.650666667
2019/5/19 17:16,-2.196
2019/5/19 17:31,419.3916667
2019/5/19 17:46,0.854
2019/5/19 18:01,-0.122
2019/5/19 18:16,-0.854
2019/5/19 18:31,0.610666667
2019/5/19 18:46,-0.528666667
2019/5/19 19:01,441.9746667
2019/5/19 19:16,-2.968666667
2019/5/19 19:31,-3.131333333
2019/5/19 19:46,-2.480666667
2019/5/19 20:01,-1.22
2019/5/19 20:16,-1.22
2019/5/19 20:31,-1.22
2019/5/19 20:46,-1.22
2019/5/19 21:01,-1.22
2019/5/19 21:16,-1.22
2019/5/19 21:31,-1.22
2019/5/19 21:46,-1.22
2019/5/19 22:01,-1.22
2019/5/19 22:16,-1.22
2019/5/19 22:31,-1.22
2019/5/19 22:46,-1.22
2019/5/19 23:01,-1.22
2019/5/19 23:16,-1.22
2019/5/19 23:31,-1.22
2019/5/19 23:46,-1.22
2019/5/20 00:00,-1.22
2019/5/20 00:15,-1.22
2019/5/20 00:30,-1.22
2019/5/20 00:45,-1.22
2019/5/20 01:00,-1.22
2019/5/20 01:15,-1.22
2019/5/20 01:30,-1.22
2019/5/20 01:45,-1.22
2019/5/20 02:00,-1.22
2019/5/20 02:15,-1.22
2019/5/20 02:30,-1.22
2019/5/20 02:45,-1.22
2019/5/20 03:00,-1.22
2019/5/20 03:15,-1.22
2019/5/20 03:30,-1.22
2019/5/20 03:45,-1.22
2019/5/20 04:00,-1.22
2019/5/20 04:15,-1.22
2019/5/20 04:30,-1.22
2019/5/20 04:45,-1.179333333
2019/5/20 05:00,-1.22
2019/5/20 05:15,-1.22
2019/5/20 05:30,-1.22
2019/5/20 05:45,-1.22
2019/5/20 06:00,-1.22
2019/5/20 06:15,-1.22
2019/5/20 06:30,-1.22
2019/5/20 06:45,-1.22
2019/5/20 07:00,-1.22
2019/5/20 07:15,-1.22
2019/5/20 07:30,-1.22
2019/5/20 07:45,-1.22
2019/5/20 08:00,-1.22
2019/5/20 08:15,-1.22
2019/5/20 08:30,-1.22
2019/5/20 08:45,-1.179333333
2019/5/20 09:00,-1.057333333
2019/5/20 09:15,-1.22
2019/5/20 09:30,-1.098
2019/5/20 09:45,-1.22
2019/5/20 10:00,-1.22
2019/5/20 10:15,-1.22
2019/5/20 10:30,-1.22
2019/5/20 10:45,-1.22
2019/5/20 11:00,-1.22
2019/5/20 11:15,-1.22
2019/5/20 11:30,-1.22
2019/5/20 11:45,-1.22
2019/5/20 12:00,-1.22
2019/5/20 12:15,-1.22
2019/5/20 12:30,-1.22
2019/5/20 12:45,-1.22
2019/5/20 13:00,-1.22
2019/5/20 13:15,-0.772666667
2019/5/20 13:30,443.398
2019/5/20 13:45,-4.066666667
2019/5/20 14:00,-4.432666667
2019/5/20 14:15,-4.473333333
2019/5/20 14:30,-4.595333333
2019/5/20 14:45,-4.839333333
2019/5/20 15:00,-5.449333333
2019/5/20 15:15,-5.042666667
2019/5/20 15:30,-4.636
2019/5/20 15:45,-3.822666667
2019/5/20 16:00,-3.090333333
2019/5/20 16:15,-3.619333333
2019/5/20 16:30,-3.212666667
2019/5/20 16:45,-3.619333333
2019/5/20 17:00,-2.561666667
2019/5/20 17:15,-2.318
2019/5/20 17:30,-1.260666667
2019/5/20 17:45,-1.22
2019/5/20 18:00,-1.22
2019/5/20 18:15,-1.22
2019/5/20 18:30,-1.22
2019/5/20 18:45,-1.22
2019/5/20 19:00,-1.22
2019/5/20 19:15,-1.22
2019/5/20 19:30,-1.22
2019/5/20 19:45,-1.22
2019/5/20 20:00,-1.22
2019/5/20 20:15,-1.22
2019/5/20 20:30,-1.22
2019/5/20 20:45,-1.22
2019/5/20 21:00,-1.22
2019/5/20 21:15,-1.22
2019/5/20 21:30,-1.22
2019/5/20 21:45,-1.179333333
2019/5/20 22:01,-1.138666667
2019/5/20 22:16,-1.179333333
2019/5/20 22:31,-1.22
2019/5/20 22:46,-1.057333333
2019/5/20 23:01,-0.894666667
2019/5/20 23:16,-1.179333333
2019/5/20 23:31,-0.976
2019/5/20 23:46,-1.098
2019/5/21 00:00,-0.854
2019/5/21 00:15,-1.016666667
2019/5/21 00:30,-0.935333333
2019/5/21 00:45,-0.61
2019/5/21 01:00,-0.854
2019/5/21 01:15,-0.732
2019/5/21 01:30,-0.935333333
2019/5/21 01:45,-0.447333333
2019/5/21 02:00,-0.122
2019/5/21 02:15,-0.203333333
2019/5/21 02:30,-0.081333333
2019/5/21 02:45,-0.203333333
2019/5/21 03:00,-0.488
2019/5/21 03:15,-0.325333333
2019/5/21 03:30,-0.203333333
2019/5/21 03:45,-0.325333333
2019/5/21 04:00,-0.122
2019/5/21 04:15,-0.122
2019/5/21 04:30,0
2019/5/21 04:45,0
2019/5/21 05:00,0
2019/5/21 05:15,0
2019/5/21 05:30,0
2019/5/21 05:45,0
2019/5/21 06:00,0
2019/5/21 06:15,0
2019/5/21 06:30,0
2019/5/21 06:45,0
2019/5/21 07:00,-0.040666667
2019/5/21 07:15,0
2019/5/21 07:30,-0.162666667
2019/5/21 07:45,1.993
2019/5/21 08:00,1.260666667
2019/5/21 08:15,1.138666667
2019/5/21 08:30,0.284666667
2019/5/21 08:45,0.163
2019/5/21 09:00,-1.138666667
2019/5/21 09:15,-1.545333333
2019/5/21 09:30,-2.236666667
2019/5/21 09:45,47.08
2019/5/21 10:00,371.053
2019/5/21 10:15,-0.935333333
2019/5/21 10:30,-1.952
2019/5/21 10:45,-2.44
2019/5/21 11:00,-2.196
2019/5/21 11:15,325.1963333
2019/5/21 11:30,514.24
2019/5/21 11:45,0.528666667
2019/5/21 12:00,-0.040666667
2019/5/21 12:15,0
2019/5/21 12:30,0
2019/5/21 12:45,0.813666667
2019/5/21 13:00,0
2019/5/21 13:15,0
2019/5/21 13:30,0
2019/5/21 13:45,-0.040666667
2019/5/21 14:00,0
2019/5/21 14:15,0
2019/5/21 14:30,0
2019/5/21 14:45,0
2019/5/21 15:00,0
2019/5/21 15:15,0
2019/5/21 15:30,0
2019/5/21 15:45,0
2019/5/21 16:00,0
2019/5/21 16:15,0
2019/5/21 16:30,0
2019/5/21 16:45,0
2019/5/21 17:00,1.057666667
2019/5/21 17:15,0.040666667
2019/5/21 17:30,0
2019/5/21 17:45,0
2019/5/21 18:00,0.284666667
2019/5/21 18:15,0.528666667
2019/5/21 18:30,0.691333333
2019/5/21 18:45,0.203333333
2019/5/21 19:00,0.122
2019/5/21 19:15,0.040666667
2019/5/21 19:30,0
2019/5/21 19:45,0.040666667
2019/5/21 20:00,0
2019/5/21 20:15,0.081333333
2019/5/21 20:30,0.081333333
2019/5/21 20:45,0
2019/5/21 21:00,0
2019/5/21 21:15,0
2019/5/21 21:30,0
2019/5/21 21:45,0
2019/5/21 22:00,0
2019/5/21 22:15,0
2019/5/21 22:30,0
2019/5/21 22:45,0
2019/5/21 23:00,0
2019/5/21 23:15,0
2019/5/21 23:30,0
2019/5/21 23:45,0
2019/5/22 00:00,0
2019/5/22 00:15,0
2019/5/22 00:30,0
2019/5/22 00:45,0
2019/5/22 01:00,0
2019/5/22 01:15,0
2019/5/22 01:30,0
2019/5/22 01:45,0
2019/5/22 02:00,0
2019/5/22 02:15,0
2019/5/22 02:30,0
2019/5/22 02:45,0
2019/5/22 03:00,0
2019/5/22 03:15,0
2019/5/22 03:30,0
2019/5/22 03:45,0
2019/5/22 04:00,0
2019/5/22 04:15,0
2019/5/22 04:30,0
2019/5/22 04:45,0
2019/5/22 05:00,0
2019/5/22 05:15,0
2019/5/22 05:30,0
2019/5/22 05:45,0
2019/5/22 06:00,0
2019/5/22 06:15,0
2019/5/22 06:30,0
2019/5/22 06:45,0
2019/5/22 07:00,0.284666667
2019/5/22 07:15,4.107333333
2019/5/22 07:30,2.684
2019/5/22 07:45,442.1373333
2019/5/22 08:00,-2.358666667
2019/5/22 08:15,-2.643333333
2019/5/22 08:30,-3.172
2019/5/22 08:45,-3.619333333
2019/5/22 09:00,-3.66
2019/5/22 09:15,-3.863666667
2019/5/22 09:30,-3.741333333
2019/5/22 09:45,-3.782
2019/5/22 10:00,-3.944666667
2019/5/22 10:15,-3.985333333
2019/5/22 10:30,-4.066666667
2019/5/22 10:45,-4.148
2019/5/22 11:00,-4.026
2019/5/22 11:15,-3.985333333
2019/5/22 11:30,-3.904
2019/5/22 11:45,-3.863333333
2019/5/22 12:00,-3.700666667
2019/5/22 12:15,-3.66
2019/5/22 12:30,-3.619333333
2019/5/22 12:45,-3.619333333
2019/5/22 13:00,-3.497333333
2019/5/22 13:15,-3.497333333
2019/5/22 13:30,-3.090666667
2019/5/22 13:45,-2.44
2019/5/22 14:00,-1.260666667
2019/5/22 14:15,-1.22
2019/5/22 14:31,-1.22
2019/5/22 14:46,-1.22
2019/5/22 15:01,-1.22
2019/5/22 15:16,-1.22
2019/5/22 15:31,-1.22
2019/5/22 15:46,-1.22
2019/5/22 16:01,-0.447333333
2019/5/22 16:16,0.773
2019/5/22 16:31,-0.203333333
2019/5/22 16:46,-0.122
2019/5/22 17:01,-0.162666667
2019/5/22 17:16,0
2019/5/22 17:31,-0.040666667
2019/5/22 17:46,-0.040666667
2019/5/22 18:01,0
2019/5/22 18:16,0
2019/5/22 18:31,0
2019/5/22 18:46,0
2019/5/22 19:01,0.040666667
2019/5/22 19:16,0.691666667
2019/5/22 19:31,-0.040666667
2019/5/22 19:46,-0.040666667
2019/5/22 20:01,-0.040666667
2019/5/22 20:16,0
2019/5/22 20:31,0
2019/5/22 20:46,0
2019/5/22 21:01,0
2019/5/22 21:16,0
2019/5/22 21:31,0
2019/5/22 21:46,0
2019/5/22 22:01,0
2019/5/22 22:16,0
2019/5/22 22:31,0
2019/5/22 22:46,0
2019/5/22 23:01,0
2019/5/22 23:16,0
2019/5/22 23:31,0
2019/5/22 23:46,0
2019/5/23 00:00,0
2019/5/23 00:15,0
2019/5/23 00:30,0
2019/5/23 00:45,0
2019/5/23 01:00,0
2019/5/23 01:15,0
2019/5/23 01:30,0
2019/5/23 01:45,0
2019/5/23 02:00,0
2019/5/23 02:15,0
2019/5/23 02:30,0
2019/5/23 02:45,0
2019/5/23 03:00,0
2019/5/23 03:15,0
2019/5/23 03:30,0
2019/5/23 03:45,0
2019/5/23 04:00,0
2019/5/23 04:15,0
2019/5/23 04:30,0
2019/5/23 04:45,0
2019/5/23 05:00,0
2019/5/23 05:15,0
2019/5/23 05:30,0
2019/5/23 05:45,0
2019/5/23 06:00,0
2019/5/23 06:15,0
2019/5/23 06:30,0
2019/5/23 06:45,0
2019/5/23 07:00,0
2019/5/23 07:15,1.342
2019/5/23 07:30,1.870666667
2019/5/23 07:45,1.504666667
2019/5/23 08:00,1.993
2019/5/23 08:15,0.325333333
2019/5/23 08:30,-0.122
2019/5/23 08:45,450.4803333
2019/5/23 09:00,431.1516667
2019/5/23 09:15,1.179333333
2019/5/23 09:30,23.27466667
2019/5/23 09:45,399.4543333
2019/5/23 10:00,23.722
2019/5/23 10:15,397.174
2019/5/23 10:30,396.32
2019/5/23 10:45,655.1496667
2019/5/23 11:00,651.4466667
2019/5/23 11:15,603.229
2019/5/23 11:30,676.9173333
2019/5/23 11:45,583.4933333
2019/5/23 12:00,1.708
2019/5/23 12:15,0.122
2019/5/23 12:30,0
2019/5/23 12:45,0
2019/5/23 13:00,-0.040666667
2019/5/23 13:15,0
2019/5/23 13:30,-0.203333333
2019/5/23 13:45,0.040666667
2019/5/23 14:00,0.284666667
2019/5/23 14:15,0.122
2019/5/23 14:30,0.040666667
2019/5/23 14:45,0.040666667
2019/5/23 15:00,0.122
2019/5/23 15:15,0
2019/5/23 15:30,0.162666667
2019/5/23 15:45,0
2019/5/23 16:00,0.162666667
2019/5/23 16:15,116.048
2019/5/23 16:30,468.0573333
2019/5/23 16:45,509.5603333
2019/5/23 17:00,230.5496667
2019/5/23 17:15,0.040666667
2019/5/23 17:30,442.3813333
2019/5/23 17:45,2.480666667
2019/5/23 18:00,1.016666667
2019/5/23 18:15,444.334
2019/5/23 18:30,436.1553333
2019/5/23 18:45,282.836
2019/5/23 19:00,164.1446667
2019/5/23 19:15,444.985
2019/5/23 19:30,421.1006667
2019/5/23 19:45,22.82766667
2019/5/23 20:00,-2.196
2019/5/23 20:15,-1.22
2019/5/23 20:30,-1.22
2019/5/23 20:45,-1.098
2019/5/23 21:00,-1.016666667
2019/5/23 21:15,-0.528666667
2019/5/23 21:30,-0.447333333
2019/5/23 21:45,-0.040666667
2019/5/23 22:00,-0.040666667
2019/5/23 22:15,0
2019/5/23 22:30,0
2019/5/23 22:45,0
2019/5/23 23:00,0
2019/5/23 23:15,0
2019/5/23 23:30,0
2019/5/23 23:45,0
2019/5/24 00:00,0
2019/5/24 00:15,0
2019/5/24 00:30,0
2019/5/24 00:45,0
2019/5/24 01:00,0
2019/5/24 01:15,0
2019/5/24 01:30,0
2019/5/24 01:45,0
2019/5/24 02:00,0
2019/5/24 02:15,0
2019/5/24 02:30,0
2019/5/24 02:45,0
2019/5/24 03:00,0
2019/5/24 03:15,0
2019/5/24 03:30,0
2019/5/24 03:45,0
2019/5/24 04:00,0
2019/5/24 04:15,0
2019/5/24 04:30,0
2019/5/24 04:45,0
2019/5/24 05:00,0
2019/5/24 05:15,0
2019/5/24 05:30,0
2019/5/24 05:45,0
2019/5/24 06:00,0
2019/5/24 06:15,0
2019/5/24 06:30,0
2019/5/24 06:45,0
2019/5/24 07:00,0.447333333
2019/5/24 07:15,2.562
2019/5/24 07:30,2.358666667
2019/5/24 07:45,1.911333333
2019/5/24 08:00,1.138666667
2019/5/24 08:15,0.406666667
2019/5/24 08:30,0
2019/5/24 08:45,-0.528666667
2019/5/24 09:00,257.3633333
2019/5/24 09:15,165.7693333
2019/5/24 09:30,0.162666667
2019/5/24 09:45,0
2019/5/24 10:00,-0.040666667
2019/5/24 10:15,-0.040666667
2019/5/24 10:30,-0.325333333
2019/5/24 10:45,535.277
2019/5/24 11:00,352.0093333
2019/5/24 11:15,-0.284666667
2019/5/24 11:30,-0.813333333
2019/5/24 11:45,-1.016666667
2019/5/24 12:00,-0.854
2019/5/24 12:15,-0.772666667
2019/5/24 12:30,-0.772666667
2019/5/24 12:45,-0.528666667
2019/5/24 13:00,-0.284666667
2019/5/24 13:15,-0.040666667
2019/5/24 13:30,-0.162666667
2019/5/24 13:45,-0.040666667
2019/5/24 14:00,0
2019/5/24 14:15,0.936
2019/5/24 14:30,-0.040666667
2019/5/24 14:45,0
2019/5/24 15:00,0.040666667
2019/5/24 15:15,0
2019/5/24 15:30,0.040666667
2019/5/24 15:45,0
2019/5/24 16:00,0.040666667
2019/5/24 16:15,0
2019/5/24 16:30,0
2019/5/24 16:45,-0.162666667
2019/5/24 17:00,-0.284666667
2019/5/24 17:15,-0.122
2019/5/24 17:30,-0.040666667
2019/5/24 17:45,-0.081333333
2019/5/24 18:00,590.1283333
2019/5/24 18:15,652.992
2019/5/24 18:30,466.9573333
2019/5/24 18:45,451.537
2019/5/24 19:00,0.650666667
2019/5/24 19:15,0.081333333
2019/5/24 19:30,350.6656667
2019/5/24 19:45,68.68533333
2019/5/24 20:00,-2.602666667
2019/5/24 20:15,-2.399333333
2019/5/24 20:30,-2.277333333
2019/5/24 20:45,-1.301333333
2019/5/24 21:00,-1.22
2019/5/24 21:15,-0.976
2019/5/24 21:30,-0.366
2019/5/24 21:45,-0.569333333
2019/5/24 22:00,-0.162666667
2019/5/24 22:15,-0.081333333
2019/5/24 22:30,0
2019/5/24 22:45,0
2019/5/24 23:00,0
2019/5/24 23:15,0
2019/5/24 23:30,0
2019/5/24 23:45,0
2019/5/25 00:00,0
2019/5/25 00:15,0
2019/5/25 00:30,0
2019/5/25 00:45,0
2019/5/25 01:00,0
2019/5/25 01:15,0
2019/5/25 01:30,0
2019/5/25 01:45,0
2019/5/25 02:00,0
2019/5/25 02:15,0
2019/5/25 02:30,0
2019/5/25 02:45,0
2019/5/25 03:00,0
2019/5/25 03:15,0
2019/5/25 03:30,0
2019/5/25 03:45,0
2019/5/25 04:00,0
2019/5/25 04:15,0
2019/5/25 04:30,0
2019/5/25 04:45,0
2019/5/25 05:00,0
2019/5/25 05:15,0
2019/5/25 05:30,0
2019/5/25 05:45,0
2019/5/25 06:00,0
2019/5/25 06:15,0
2019/5/25 06:30,0
2019/5/25 06:45,0
2019/5/25 07:00,0
2019/5/25 07:15,2.765333333
2019/5/25 07:30,2.399333333
2019/5/25 07:45,1.748666667
2019/5/25 08:00,1.260666667
2019/5/25 08:15,0.325333333
2019/5/25 08:30,0.081333333
2019/5/25 08:45,69.78333333
2019/5/25 09:00,353.1483333
2019/5/25 09:15,0.203333333
2019/5/25 09:30,0
2019/5/25 09:45,93.22066667
2019/5/25 10:00,351.967
2019/5/25 10:15,0.976
2019/5/25 10:30,0.040666667
2019/5/25 10:45,0
2019/5/25 11:00,-0.040666667
2019/5/25 11:15,423.992
2019/5/25 11:30,444.9026667
2019/5/25 11:45,1.423333333
2019/5/25 12:00,0.528666667
2019/5/25 12:15,0.569333333
2019/5/25 12:30,0.528666667
2019/5/25 12:45,1.139
2019/5/25 13:00,0.244
2019/5/25 13:15,0.528666667
2019/5/25 13:30,0.488
2019/5/25 13:45,0.813333333
2019/5/25 14:00,0.528666667
2019/5/25 14:15,0.976
2019/5/25 14:30,1.057333333
2019/5/25 14:45,1.098
2019/5/25 15:00,1.179333333
2019/5/25 15:15,1.22
2019/5/25 15:30,1.22
2019/5/25 15:45,1.179333333
2019/5/25 16:00,1.22
2019/5/25 16:15,1.138666667
2019/5/25 16:30,0.528666667
2019/5/25 16:45,0.081333333
2019/5/25 17:00,0.203333333
2019/5/25 17:15,0.366
2019/5/25 17:30,257.4456667
2019/5/25 17:45,650.7963333
2019/5/25 18:00,665.282
2019/5/25 18:15,162.515
2019/5/25 18:30,0.447333333
2019/5/25 18:45,0.162666667
2019/5/25 19:00,444.9863333
2019/5/25 19:15,-0.162666667
2019/5/25 19:30,-1.382666667
2019/5/25 19:45,-1.748666667
2019/5/25 20:00,-1.83
2019/5/25 20:15,-1.301333333
2019/5/25 20:30,-1.22
2019/5/25 20:45,-1.138666667
2019/5/25 21:00,-0.894666667
2019/5/25 21:15,-0.366
2019/5/25 21:30,-0.081333333
2019/5/25 21:45,0
2019/5/25 22:00,0
2019/5/25 22:15,0
2019/5/25 22:30,0
2019/5/25 22:45,0
2019/5/25 23:00,0
2019/5/25 23:15,0
2019/5/25 23:30,0
2019/5/25 23:45,0
2019/5/26 00:00,0
2019/5/26 00:15,0
2019/5/26 00:30,0
2019/5/26 00:45,0
2019/5/26 01:00,0
2019/5/26 01:15,0
2019/5/26 01:31,0
2019/5/26 01:46,0
2019/5/26 02:01,0
2019/5/26 02:16,0
2019/5/26 02:31,0
2019/5/26 02:46,0
2019/5/26 03:01,0
2019/5/26 03:16,0
2019/5/26 03:31,0
2019/5/26 03:46,0
2019/5/26 04:01,0
2019/5/26 04:16,0
2019/5/26 04:31,0
2019/5/26 04:46,0
2019/5/26 05:01,0
2019/5/26 05:16,0
2019/5/26 05:31,0
2019/5/26 05:46,0
2019/5/26 06:01,0
2019/5/26 06:16,0
2019/5/26 06:31,0
2019/5/26 06:46,0
2019/5/26 07:01,0
2019/5/26 07:16,0.569333333
2019/5/26 07:31,393.474
2019/5/26 07:46,22.50233333
2019/5/26 08:01,-2.196
2019/5/26 08:16,-2.602666667
2019/5/26 08:31,-2.358666667
2019/5/26 08:46,-2.399333333
2019/5/26 09:01,-2.643333333
2019/5/26 09:16,-2.480666667
2019/5/26 09:31,-3.090666667
2019/5/26 09:46,-3.538
2019/5/26 10:01,-3.66
2019/5/26 10:16,-3.700666667
2019/5/26 10:31,-3.578666667
2019/5/26 10:47,-3.619333333
2019/5/26 11:02,-3.538
2019/5/26 11:17,-3.66
2019/5/26 11:32,-3.700666667
2019/5/26 11:47,-3.66
2019/5/26 12:02,-3.66
2019/5/26 12:17,-3.578666667
2019/5/26 12:32,-3.619333333
2019/5/26 12:47,-3.538
2019/5/26 13:02,-3.375333333
2019/5/26 13:17,-3.619333333
2019/5/26 13:32,-3.538
2019/5/26 13:47,-3.456666667
2019/5/26 14:02,-3.375333333
2019/5/26 14:17,-3.009333333
2019/5/26 14:32,-3.294
2019/5/26 14:47,-3.009333333
2019/5/26 15:02,-2.765333333
2019/5/26 15:17,-3.05
2019/5/26 15:32,-2.846666667
2019/5/26 15:47,-3.090666667
2019/5/26 16:02,-2.887333333
2019/5/26 16:17,-2.765333333
2019/5/26 16:32,-2.765333333
2019/5/26 16:47,-2.806333333
2019/5/26 17:02,-2.44
2019/5/26 17:17,-2.44
2019/5/26 17:32,-2.562
2019/5/26 17:47,-2.480666667
2019/5/26 18:02,443.642
2019/5/26 18:17,1.464
2019/5/26 18:32,1.22
2019/5/26 18:47,1.22
2019/5/26 19:02,1.016666667
2019/5/26 19:17,0.935333333
2019/5/26 19:32,1.098
2019/5/26 19:47,0.976
2019/5/26 20:02,0.854
2019/5/26 20:17,0.528666667
2019/5/26 20:32,0
2019/5/26 20:47,0
2019/5/26 21:02,0
2019/5/26 21:17,0
2019/5/26 21:32,0
2019/5/26 21:47,0
2019/5/26 22:02,0
2019/5/26 22:17,0
2019/5/26 22:32,0
2019/5/26 22:47,0
2019/5/26 23:02,0
2019/5/26 23:17,0
2019/5/26 23:32,0
2019/5/26 23:47,0
2019/5/27 00:00,0
2019/5/27 00:15,0
2019/5/27 00:30,0
2019/5/27 00:45,0
2019/5/27 01:00,0
2019/5/27 01:15,0
2019/5/27 01:30,0
2019/5/27 01:45,0
2019/5/27 02:00,0
2019/5/27 02:15,0
2019/5/27 02:30,0
2019/5/27 02:45,0
2019/5/27 03:00,0
2019/5/27 03:15,0
2019/5/27 03:30,0
2019/5/27 03:45,0
2019/5/27 04:00,0
2019/5/27 04:15,0
2019/5/27 04:30,0
2019/5/27 04:45,0
2019/5/27 05:00,0
2019/5/27 05:15,0
2019/5/27 05:30,0
2019/5/27 05:45,0
2019/5/27 06:00,0
2019/5/27 06:15,0
2019/5/27 06:30,0
2019/5/27 06:45,0
2019/5/27 07:00,0
2019/5/27 07:15,0
2019/5/27 07:30,0
2019/5/27 07:45,0
2019/5/27 08:00,0
2019/5/27 08:15,2.114666667
2019/5/27 08:30,2.358666667
2019/5/27 08:45,2.358666667
2019/5/27 09:00,1.789333333
2019/5/27 09:15,1.179333333
2019/5/27 09:30,0.935333333
2019/5/27 09:45,0.569333333
2019/5/27 10:00,1.098
2019/5/27 10:15,2.074333333
2019/5/27 10:30,1.301333333
2019/5/27 10:45,421.712
2019/5/27 11:00,-1.341666667
2019/5/27 11:15,-2.643333333
2019/5/27 11:30,-2.521333333
2019/5/27 11:45,-2.562
2019/5/27 12:00,-2.602666667
2019/5/27 12:15,-2.602666667
2019/5/27 12:30,-2.521333333
2019/5/27 12:45,-2.44
2019/5/27 13:00,-2.643333333
2019/5/27 13:15,-2.684
2019/5/27 13:30,-2.928
2019/5/27 13:45,-2.968666667
2019/5/27 14:00,-2.480666667
2019/5/27 14:15,-2.44
2019/5/27 14:30,-1.585666667
2019/5/27 14:45,-2.358666667
2019/5/27 15:00,-2.643333333
2019/5/27 15:15,-2.643333333
2019/5/27 15:30,-2.724666667
2019/5/27 15:45,-2.521333333
2019/5/27 16:00,-1.707666667
2019/5/27 16:15,-2.44
2019/5/27 16:30,-1.504333333
2019/5/27 16:45,-2.399333333
2019/5/27 17:00,-2.399333333
2019/5/27 17:15,-2.358666667
2019/5/27 17:30,-2.399333333
2019/5/27 17:45,278.2793333
2019/5/27 18:00,-1.545333333
2019/5/27 18:15,-1.382666667
2019/5/27 18:30,-1.22
2019/5/27 18:45,-1.22
2019/5/27 19:00,-1.179333333
2019/5/27 19:15,-1.22
2019/5/27 19:30,-1.138666667
2019/5/27 19:45,-1.016666667
2019/5/27 20:00,-0.732
2019/5/27 20:15,-0.244
2019/5/27 20:30,-0.244
2019/5/27 20:45,-0.650666667
2019/5/27 21:00,-0.732
2019/5/27 21:15,-0.61
2019/5/27 21:30,-0.772666667
2019/5/27 21:45,-1.016666667
2019/5/27 22:00,-0.61
2019/5/27 22:16,-0.406666667
2019/5/27 22:31,-0.528666667
2019/5/27 22:46,-0.488
2019/5/27 23:01,-0.244
2019/5/27 23:16,-0.488
2019/5/27 23:31,-0.61
2019/5/27 23:46,-0.366
2019/5/28 00:00,-0.732
2019/5/28 00:15,-0.894666667
2019/5/28 00:30,-1.016666667
2019/5/28 00:45,-0.935333333
2019/5/28 01:00,-0.935333333
2019/5/28 01:15,-0.772666667
2019/5/28 01:30,-0.854
2019/5/28 01:45,-1.138666667
2019/5/28 02:00,-1.057333333
2019/5/28 02:15,-1.016666667
2019/5/28 02:30,-1.016666667
2019/5/28 02:45,-1.057333333
2019/5/28 03:00,-1.098
2019/5/28 03:15,-1.098
2019/5/28 03:30,-1.179333333
2019/5/28 03:45,-0.935333333
2019/5/28 04:00,-0.732
2019/5/28 04:15,-1.016666667
2019/5/28 04:30,-0.894666667
2019/5/28 04:45,-1.098
2019/5/28 05:00,-1.098
2019/5/28 05:15,-1.179333333
2019/5/28 05:30,-0.935333333
2019/5/28 05:45,-1.138666667
2019/5/28 06:00,-1.057333333
2019/5/28 06:15,-1.22
2019/5/28 06:30,-1.22
2019/5/28 06:45,-1.22
2019/5/28 07:00,-1.179333333
2019/5/28 07:15,-1.22
2019/5/28 07:30,-1.22
2019/5/28 07:45,-1.22
2019/5/28 08:00,-1.22
2019/5/28 08:15,-0.528666667
2019/5/28 08:30,0.447333333
2019/5/28 08:45,0.528666667
2019/5/28 09:00,0.650666667
2019/5/28 09:15,0.488
2019/5/28 09:30,0.488
2019/5/28 09:45,0.244
2019/5/28 10:00,0
2019/5/28 10:15,0
2019/5/28 10:30,0
2019/5/28 10:45,0
2019/5/28 11:00,0
2019/5/28 11:15,0
2019/5/28 11:30,0
2019/5/28 11:45,0
2019/5/28 12:00,-0.040666667
2019/5/28 12:15,0
2019/5/28 12:30,0
2019/5/28 12:45,0
2019/5/28 13:00,0
2019/5/28 13:15,0
2019/5/28 13:30,0
2019/5/28 13:45,-0.366
2019/5/28 14:00,-0.081333333
2019/5/28 14:15,0
2019/5/28 14:30,0
2019/5/28 14:45,0
2019/5/28 15:00,0.976
2019/5/28 15:15,1.057333333
2019/5/28 15:30,0.691333333
2019/5/28 15:45,0.976
2019/5/28 16:00,0.528666667
2019/5/28 16:15,0.569333333
2019/5/28 16:30,1.138666667
2019/5/28 16:45,1.749
2019/5/28 17:00,1.749
2019/5/28 17:15,0.203333333
2019/5/28 17:30,0
2019/5/28 17:45,0
2019/5/28 18:00,0
2019/5/28 18:15,0
2019/5/28 18:30,0
2019/5/28 18:45,0
2019/5/28 19:00,0
2019/5/28 19:15,0
2019/5/28 19:30,0
2019/5/28 19:45,0
2019/5/28 20:00,0
2019/5/28 20:15,0
2019/5/28 20:30,0
2019/5/28 20:45,0
2019/5/28 21:00,0
2019/5/28 21:15,0
2019/5/28 21:30,0
2019/5/28 21:45,0
2019/5/28 22:00,0
2019/5/28 22:15,0
2019/5/28 22:30,0
2019/5/28 22:45,0
2019/5/28 23:00,0
2019/5/28 23:15,0
2019/5/28 23:30,0
2019/5/28 23:45,0
2019/5/29 00:00,0
2019/5/29 00:15,0
2019/5/29 00:30,0
2019/5/29 00:45,0
2019/5/29 01:00,0
2019/5/29 01:15,0
2019/5/29 01:30,0
2019/5/29 01:45,0
2019/5/29 02:00,0
2019/5/29 02:15,0
2019/5/29 02:30,0
2019/5/29 02:45,0
2019/5/29 03:00,0
2019/5/29 03:15,0
2019/5/29 03:30,0
2019/5/29 03:45,0
2019/5/29 04:00,0
2019/5/29 04:15,0
2019/5/29 04:30,0
2019/5/29 04:45,0
2019/5/29 05:00,0
2019/5/29 05:15,0
2019/5/29 05:30,0
2019/5/29 05:45,0
2019/5/29 06:00,0
2019/5/29 06:15,0
2019/5/29 06:30,0
2019/5/29 06:45,0
2019/5/29 07:00,0
2019/5/29 07:15,0
2019/5/29 07:30,0
2019/5/29 07:45,0
2019/5/29 08:00,0
2019/5/29 08:15,0
2019/5/29 08:30,0
2019/5/29 08:45,0
2019/5/29 09:00,0
2019/5/29 09:15,0.284666667
2019/5/29 09:30,2.44
2019/5/29 09:45,1.911333333
2019/5/29 10:00,0.162666667
2019/5/29 10:15,0
2019/5/29 10:30,0
2019/5/29 10:45,0
2019/5/29 11:00,0.203333333
2019/5/29 11:15,281.8606667
2019/5/29 11:30,186.037
2019/5/29 11:45,676.3076667
2019/5/29 12:00,188.313
2019/5/29 12:15,-0.122
2019/5/29 12:30,-0.854
2019/5/29 12:45,417.602
2019/5/29 13:00,451.4563333
2019/5/29 13:15,0.203333333
2019/5/29 13:31,-0.040666667
2019/5/29 13:46,-0.081333333
2019/5/29 14:01,-0.325333333
2019/5/29 14:16,-0.203333333
2019/5/29 14:31,-1.464
2019/5/29 14:46,-1.301333333
2019/5/29 15:01,-1.464
2019/5/29 15:16,-1.342
2019/5/29 15:31,-1.423333333
2019/5/29 15:46,-0.772666667
2019/5/29 16:01,-0.447333333
2019/5/29 16:16,-0.732
2019/5/29 16:31,-0.488
2019/5/29 16:46,-0.854
2019/5/29 17:01,-0.650666667
2019/5/29 17:16,-1.83
2019/5/29 17:31,489.744
2019/5/29 17:46,395.466
2019/5/29 18:01,0
2019/5/29 18:16,-0.122
2019/5/29 18:31,-0.203333333
2019/5/29 18:46,-0.243666667
2019/5/29 19:01,-0.366
2019/5/29 19:16,0.488333333
2019/5/29 19:31,-0.650666667
2019/5/29 19:46,-0.935333333
2019/5/29 20:01,-1.138666667
2019/5/29 20:16,-1.016666667
2019/5/29 20:31,-0.040666667
2019/5/29 20:46,0
2019/5/29 21:01,0
2019/5/29 21:16,0
2019/5/29 21:31,0
2019/5/29 21:46,0
2019/5/29 22:01,0
2019/5/29 22:16,0
2019/5/29 22:31,0
2019/5/29 22:46,0
2019/5/29 23:01,0
2019/5/29 23:16,0
2019/5/29 23:31,0
2019/5/29 23:46,0
2019/5/30 00:00,0
2019/5/30 00:15,0
2019/5/30 00:30,0
2019/5/30 00:45,0
2019/5/30 01:00,0
2019/5/30 01:15,0
2019/5/30 01:30,0
2019/5/30 01:45,0
2019/5/30 02:00,0
2019/5/30 02:15,0
2019/5/30 02:30,0
2019/5/30 02:45,0
2019/5/30 03:00,0
2019/5/30 03:15,0
2019/5/30 03:30,0
2019/5/30 03:45,0
2019/5/30 04:00,0
2019/5/30 04:15,0
2019/5/30 04:30,0
2019/5/30 04:45,0
2019/5/30 05:00,0
2019/5/30 05:15,0
2019/5/30 05:30,0
2019/5/30 05:45,0
2019/5/30 06:00,0
2019/5/30 06:15,0
2019/5/30 06:30,0
2019/5/30 06:45,0
2019/5/30 07:00,0
2019/5/30 07:15,0
2019/5/30 07:30,0
2019/5/30 07:45,0
2019/5/30 08:00,0
2019/5/30 08:15,0
2019/5/30 08:30,0
2019/5/30 08:45,0
2019/5/30 09:00,1.586
2019/5/30 09:15,2.074
2019/5/30 09:30,2.399666667
2019/5/30 09:45,212.4016667
2019/5/30 10:00,233.888
2019/5/30 10:15,-1.22
2019/5/30 10:30,-1.22
2019/5/30 10:45,115.3566667
2019/5/30 11:00,303.549
2019/5/30 11:15,137.086
2019/5/30 11:30,303.75
2019/5/30 11:45,0.325333333
2019/5/30 12:00,256.2653333
2019/5/30 12:15,606.4836667
2019/5/30 12:30,420.815
2019/5/30 12:45,1.138666667
2019/5/30 13:00,0.244
2019/5/30 13:15,0.040666667
2019/5/30 13:30,0
2019/5/30 13:45,0
2019/5/30 14:00,0
2019/5/30 14:15,0
2019/5/30 14:30,0
2019/5/30 14:45,0
2019/5/30 15:00,0
2019/5/30 15:15,0.040666667
2019/5/30 15:30,0
2019/5/30 15:45,0
2019/5/30 16:00,0
2019/5/30 16:15,0
2019/5/30 16:30,0
2019/5/30 16:45,0
2019/5/30 17:00,0
2019/5/30 17:15,0
2019/5/30 17:30,0
2019/5/30 17:45,0
2019/5/30 18:00,0.081333333
2019/5/30 18:15,0.488
2019/5/30 18:30,0.569333333
2019/5/30 18:45,0.772666667
2019/5/30 19:00,1.179333333
2019/5/30 19:15,1.016666667
2019/5/30 19:30,0.976
2019/5/30 19:45,0.854
2019/5/30 20:00,0.406666667
2019/5/30 20:15,0.406666667
2019/5/30 20:30,0.040666667
2019/5/30 20:45,0
2019/5/30 21:00,0
2019/5/30 21:15,0
2019/5/30 21:30,0
2019/5/30 21:45,0
2019/5/30 22:00,0
2019/5/30 22:15,0
2019/5/30 22:30,0
2019/5/30 22:45,0
2019/5/30 23:00,0
2019/5/30 23:15,0
2019/5/30 23:30,0
2019/5/30 23:45,0
2019/5/31 00:00,0
2019/5/31 00:15,0
2019/5/31 00:30,0
2019/5/31 00:45,0
2019/5/31 01:00,0
2019/5/31 01:15,0
2019/5/31 01:30,0
2019/5/31 01:45,0
2019/5/31 02:00,0
2019/5/31 02:16,0
2019/5/31 02:31,0
2019/5/31 02:46,0
2019/5/31 03:01,0
2019/5/31 03:16,0
2019/5/31 03:31,0
2019/5/31 03:46,0
2019/5/31 04:01,0
2019/5/31 04:16,0
2019/5/31 04:31,0
2019/5/31 04:46,0
2019/5/31 05:01,0
2019/5/31 05:16,0
2019/5/31 05:31,0
2019/5/31 05:46,0
2019/5/31 06:01,0
2019/5/31 06:16,0
2019/5/31 06:31,0
2019/5/31 06:46,0
2019/5/31 07:01,0
2019/5/31 07:16,0
2019/5/31 07:31,0.122
2019/5/31 07:46,2.765333333
2019/5/31 08:01,2.074
2019/5/31 08:16,1.545333333
2019/5/31 08:31,0.528666667
2019/5/31 08:46,0.366333333
2019/5/31 09:01,0.162666667
2019/5/31 09:16,0.040666667
2019/5/31 09:32,-0.081333333
2019/5/31 09:47,0.406666667
2019/5/31 10:02,0.244
2019/5/31 10:17,0.040666667
2019/5/31 10:32,-0.122
2019/5/31 10:47,-0.447333333
2019/5/31 11:02,-0.406666667
2019/5/31 11:17,-0.325333333
2019/5/31 11:32,-0.772666667
2019/5/31 11:47,-0.732
2019/5/31 12:02,-0.040666667
2019/5/31 12:17,0
2019/5/31 12:32,23.356
2019/5/31 12:47,632.8913333
2019/5/31 13:02,677.3253333
2019/5/31 13:17,350.0563333
2019/5/31 13:32,538.4493333
2019/5/31 13:47,441.934
2019/5/31 14:02,420.6523333
2019/5/31 14:17,92.97666667
2019/5/31 14:32,350.34
2019/5/31 14:47,528.4833333
2019/5/31 15:02,654.214
2019/5/31 15:17,583.29
2019/5/31 15:32,620.1563333
2019/5/31 15:47,653.4396667
2019/5/31 16:02,534.2193333
2019/5/31 16:17,673.5826667
2019/5/31 16:32,651.162
2019/5/31 16:47,324.6253333
2019/5/31 17:02,-1.504666667
2019/5/31 17:17,-2.318
2019/5/31 17:32,-2.196
2019/5/31 17:47,-2.318
2019/5/31 18:02,-1.789333333
2019/5/31 18:17,440.1853333
2019/5/31 18:32,-3.334666667
2019/5/31 18:47,-3.782
2019/5/31 19:02,-2.765333333
2019/5/31 19:17,-1.504666667
2019/5/31 19:32,-1.22
2019/5/31 19:47,-1.22
2019/5/31 20:02,-1.22
2019/5/31 20:17,-1.22
2019/5/31 20:32,-1.22
2019/5/31 20:47,-1.22
2019/5/31 21:02,-1.22
2019/5/31 21:17,-1.22
2019/5/31 21:32,-1.22
2019/5/31 21:47,-1.22
2019/5/31 22:02,-1.22
2019/5/31 22:17,-1.22
2019/5/31 22:32,-1.22
2019/5/31 22:47,-1.22
2019/5/31 23:02,-1.22
2019/5/31 23:17,-1.22
2019/5/31 23:32,-1.22
2019/5/31 23:47,-1.098
2019/6/1 00:00,-1.138666667
2019/6/1 00:15,-1.22
2019/6/1 00:30,-1.22
2019/6/1 00:45,-1.138666667
2019/6/1 01:00,-1.057333333
2019/6/1 01:15,-0.976
2019/6/1 01:30,-1.179333333
2019/6/1 01:45,-1.179333333
2019/6/1 02:00,-1.22
2019/6/1 02:15,-1.22
2019/6/1 02:30,-1.22
2019/6/1 02:45,-1.22
2019/6/1 03:00,-1.22
2019/6/1 03:15,-1.22
2019/6/1 03:30,-1.22
2019/6/1 03:45,-1.22
2019/6/1 04:00,-1.22
2019/6/1 04:15,-1.22
2019/6/1 04:30,-1.22
2019/6/1 04:45,-1.22
2019/6/1 05:00,-1.22
2019/6/1 05:15,-1.22
2019/6/1 05:30,-1.22
2019/6/1 05:45,-1.22
2019/6/1 06:00,-1.22
2019/6/1 06:15,-1.22
2019/6/1 06:30,-1.22
2019/6/1 06:45,-1.22
2019/6/1 07:00,-1.22
2019/6/1 07:15,-1.22
2019/6/1 07:30,-1.22
2019/6/1 07:45,-1.22
2019/6/1 08:00,-1.22
2019/6/1 08:15,-1.22
2019/6/1 08:30,-1.22
2019/6/1 08:45,-1.22
2019/6/1 09:00,372.0283333
2019/6/1 09:15,67.95333333
2019/6/1 09:30,-1.992666667
2019/6/1 09:45,-2.033333333
2019/6/1 10:00,-1.870666667
2019/6/1 10:15,-1.22
2019/6/1 10:30,-1.22
2019/6/1 10:45,-1.22
2019/6/1 11:00,-1.22
2019/6/1 11:15,-1.22
2019/6/1 11:30,-1.22
2019/6/1 11:45,-1.22
2019/6/1 12:00,-1.423333333
2019/6/1 12:15,-2.033333333
2019/6/1 12:30,-2.399333333
2019/6/1 12:45,254.6386667
2019/6/1 13:00,163.248
2019/6/1 13:15,129.1513333
2019/6/1 13:30,278.0356667
2019/6/1 13:45,535.847
2019/6/1 14:00,327.4736667
2019/6/1 14:15,654.417
2019/6/1 14:30,200.807
2019/6/1 14:45,417.5613333
2019/6/1 15:00,442.9913333
2019/6/1 15:15,502.766
2019/6/1 15:30,537.2286667
2019/6/1 15:45,678.0586667
2019/6/1 16:00,469.44
2019/6/1 16:15,652.504
2019/6/1 16:30,647.012
2019/6/1 16:45,-2.684
2019/6/1 17:00,-4.798666667
2019/6/1 17:15,-3.863333333
2019/6/1 17:30,-3.619333333
2019/6/1 17:45,-3.212666667
2019/6/1 18:00,439.9413333
2019/6/1 18:15,-3.985333333
2019/6/1 18:30,-4.636
2019/6/1 18:45,-4.392
2019/6/1 19:00,-4.554666667
2019/6/1 19:15,-3.944666667
2019/6/1 19:30,-2.562
2019/6/1 19:45,-1.301333333
2019/6/1 20:00,-1.22
2019/6/1 20:15,-1.22
2019/6/1 20:31,-1.22
2019/6/1 20:46,-1.22
2019/6/1 21:01,-1.22
2019/6/1 21:16,-1.22
2019/6/1 21:31,-1.22
2019/6/1 21:46,-1.22
2019/6/1 22:01,-1.22
2019/6/1 22:16,-1.22
2019/6/1 22:31,-1.22
2019/6/1 22:46,-1.22
2019/6/1 23:01,-1.22
2019/6/1 23:16,-1.22
2019/6/1 23:31,-1.22
2019/6/1 23:46,-1.22
2019/6/2 00:00,-1.22
2019/6/2 00:15,-1.22
2019/6/2 00:30,-1.22
2019/6/2 00:45,-1.22
2019/6/2 01:00,-1.22
2019/6/2 01:15,-1.22
2019/6/2 01:30,-1.22
2019/6/2 01:45,-1.22
2019/6/2 02:00,-1.22
2019/6/2 02:15,-1.22
2019/6/2 02:30,-1.22
2019/6/2 02:45,-1.22
2019/6/2 03:00,-1.22
2019/6/2 03:15,-1.22
2019/6/2 03:30,-1.22
2019/6/2 03:45,-1.22
2019/6/2 04:00,-1.22
2019/6/2 04:15,-1.22
2019/6/2 04:30,-1.22
2019/6/2 04:45,-1.22
2019/6/2 05:00,-1.22
2019/6/2 05:15,-1.22
2019/6/2 05:30,-1.22
2019/6/2 05:45,-1.22
2019/6/2 06:00,-1.22
2019/6/2 06:15,-1.22
2019/6/2 06:30,-1.22
2019/6/2 06:45,-1.22
2019/6/2 07:00,-1.22
2019/6/2 07:15,-1.22
2019/6/2 07:30,-1.22
2019/6/2 07:45,-1.22
2019/6/2 08:00,-1.22
2019/6/2 08:15,-1.22
2019/6/2 08:30,-1.22
2019/6/2 08:45,-1.22
2019/6/2 09:00,-1.138666667
2019/6/2 09:15,327.3503333
2019/6/2 09:30,114.096
2019/6/2 09:45,-3.212666667
2019/6/2 10:00,-2.928
2019/6/2 10:15,-1.952
2019/6/2 10:30,-1.22
2019/6/2 10:45,-1.22
2019/6/2 11:00,-1.545333333
2019/6/2 11:15,-1.382333333
2019/6/2 11:30,-2.277333333
2019/6/2 11:45,-2.44
2019/6/2 12:00,-2.44
2019/6/2 12:15,-2.44
2019/6/2 12:30,-2.521333333
2019/6/2 12:45,-2.480666667
2019/6/2 13:00,-2.887333333
2019/6/2 13:15,-2.643333333
2019/6/2 13:30,-2.846666667
2019/6/2 13:45,-2.521333333
2019/6/2 14:00,-1.789
2019/6/2 14:15,-2.44
2019/6/2 14:30,-2.358666667
2019/6/2 14:45,-2.44
2019/6/2 15:00,-2.562
2019/6/2 15:15,-2.44
2019/6/2 15:30,-2.196
2019/6/2 15:45,-2.399333333
2019/6/2 16:00,-2.196
2019/6/2 16:15,-1.219666667
2019/6/2 16:30,-1.667333333
2019/6/2 16:45,-1.260666667
2019/6/2 17:00,-1.260666667
2019/6/2 17:15,-0.813333333
2019/6/2 17:30,-0.487666667
2019/6/2 17:45,-1.057333333
2019/6/2 18:00,-0.650666667
2019/6/2 18:15,-0.935333333
2019/6/2 18:30,-0.732
2019/6/2 18:45,-0.162666667
2019/6/2 19:00,-0.122
2019/6/2 19:15,0
2019/6/2 19:30,0
2019/6/2 19:45,0
2019/6/2 20:00,0
2019/6/2 20:15,0
2019/6/2 20:30,0
2019/6/2 20:45,0
2019/6/2 21:00,0
2019/6/2 21:15,0
2019/6/2 21:30,0
2019/6/2 21:45,0
2019/6/2 22:00,0
2019/6/2 22:15,0
2019/6/2 22:30,0
2019/6/2 22:45,0
2019/6/2 23:00,0
2019/6/2 23:15,0
2019/6/2 23:30,0
2019/6/2 23:45,0
2019/6/3 00:00,0
2019/6/3 00:15,0
2019/6/3 00:30,0
2019/6/3 00:45,0
2019/6/3 01:00,0
2019/6/3 01:15,0
2019/6/3 01:30,0
2019/6/3 01:45,0
2019/6/3 02:00,0
2019/6/3 02:15,0
2019/6/3 02:30,0
2019/6/3 02:45,0
2019/6/3 03:00,0
2019/6/3 03:15,0
2019/6/3 03:30,0
2019/6/3 03:45,0
2019/6/3 04:00,0
2019/6/3 04:15,0
2019/6/3 04:30,0
2019/6/3 04:45,0
2019/6/3 05:00,0
2019/6/3 05:15,0
2019/6/3 05:30,0
2019/6/3 05:45,0
2019/6/3 06:00,0
2019/6/3 06:15,0
2019/6/3 06:30,0
2019/6/3 06:45,0
2019/6/3 07:00,0
2019/6/3 07:15,0
2019/6/3 07:30,0
2019/6/3 07:45,0
2019/6/3 08:00,0
2019/6/3 08:15,0
2019/6/3 08:30,-0.081333333
2019/6/3 08:45,0
2019/6/3 09:00,0
2019/6/3 09:15,0
2019/6/3 09:30,0
2019/6/3 09:45,0
2019/6/3 10:00,0
2019/6/3 10:15,0
2019/6/3 10:30,0
2019/6/3 10:45,0
2019/6/3 11:00,0
2019/6/3 11:15,0
2019/6/3 11:30,0
2019/6/3 11:45,0
2019/6/3 12:00,0
2019/6/3 12:15,-0.081333333
2019/6/3 12:30,-0.691333333
2019/6/3 12:45,-0.894666667
2019/6/3 13:00,-1.057333333
2019/6/3 13:15,-1.098
2019/6/3 13:30,-0.325333333
2019/6/3 13:45,0
2019/6/3 14:00,-0.650666667
2019/6/3 14:15,-1.301333333
2019/6/3 14:30,-2.399333333
2019/6/3 14:45,67.66866667
2019/6/3 15:00,349.8926667
2019/6/3 15:15,22.38
2019/6/3 15:30,418.7003333
2019/6/3 15:45,-2.562
2019/6/3 16:00,-2.928
2019/6/3 16:15,248.455
2019/6/3 16:30,182.293
2019/6/3 16:45,442.3813333
2019/6/3 17:00,373.7373333
2019/6/3 17:15,351.36
2019/6/3 17:30,513.3036667
2019/6/3 17:45,70.556
2019/6/3 18:00,-0.976
2019/6/3 18:15,-0.976
2019/6/3 18:30,-0.244
2019/6/3 18:45,-0.203333333
2019/6/3 19:00,416.3816667
2019/6/3 19:15,-3.334666667
2019/6/3 19:30,-1.992666667
2019/6/3 19:45,-1.22
2019/6/3 20:00,-1.22
2019/6/3 20:15,-1.22
2019/6/3 20:30,-1.22
2019/6/3 20:45,-1.22
2019/6/3 21:00,-1.22
2019/6/3 21:15,-1.22
2019/6/3 21:30,-1.22
2019/6/3 21:45,-1.22
2019/6/3 22:00,-1.22
2019/6/3 22:15,-1.22
2019/6/3 22:30,-1.22
2019/6/3 22:45,-1.22
2019/6/3 23:00,-1.22
2019/6/3 23:15,-1.22
2019/6/3 23:30,-1.22
2019/6/3 23:45,-1.22
2019/6/4 00:00,-1.22
2019/6/4 00:15,-1.22
2019/6/4 00:30,-1.22
2019/6/4 00:45,-1.22
2019/6/4 01:00,-1.22
2019/6/4 01:15,-1.22
2019/6/4 01:30,-1.22
2019/6/4 01:45,-1.22
2019/6/4 02:00,-1.22
2019/6/4 02:15,-1.22
2019/6/4 02:30,-1.22
2019/6/4 02:45,-1.22
2019/6/4 03:00,-1.22
2019/6/4 03:15,-1.22
2019/6/4 03:30,-1.22
2019/6/4 03:45,-1.22
2019/6/4 04:00,-1.22
2019/6/4 04:15,-1.22
2019/6/4 04:30,-1.22
2019/6/4 04:45,-1.22
2019/6/4 05:00,-1.22
2019/6/4 05:15,-1.22
2019/6/4 05:30,-1.22
2019/6/4 05:45,-1.22
2019/6/4 06:00,-1.22
2019/6/4 06:15,-1.22
2019/6/4 06:30,-1.22
2019/6/4 06:45,-1.22
2019/6/4 07:00,-1.22
2019/6/4 07:15,-1.22
2019/6/4 07:30,-1.22
2019/6/4 07:45,-1.22
2019/6/4 08:00,-1.301333333
2019/6/4 08:15,-2.196
2019/6/4 08:30,-2.074
2019/6/4 08:45,-2.155333333
2019/6/4 09:00,300.74
2019/6/4 09:15,112.8353333
2019/6/4 09:30,-5.774666667
2019/6/4 09:45,230.1446667
2019/6/4 10:00,208.0493333
2019/6/4 10:15,-2.480666667
2019/6/4 10:30,-1.342
2019/6/4 10:45,-1.22
2019/6/4 11:00,-3.538
2019/6/4 11:15,-3.782
2019/6/4 11:30,19.696
2019/6/4 11:45,395.793
2019/6/4 12:00,-6.832
2019/6/4 12:15,-6.384333333
2019/6/4 12:30,384.7246667
2019/6/4 12:45,17.94733333
2019/6/4 13:00,-6.547333333
2019/6/4 13:15,-7.238666667
2019/6/4 13:30,-7.238666667
2019/6/4 13:45,-7.035333333
2019/6/4 14:00,-7.116666667
2019/6/4 14:15,-7.076
2019/6/4 14:30,417.6426667
2019/6/4 14:45,68.03466667
2019/6/4 15:00,374.511
2019/6/4 15:15,93.914
2019/6/4 15:30,326.74
2019/6/4 15:45,-2.358666667
2019/6/4 16:00,-2.44
2019/6/4 16:15,-1.748666667
2019/6/4 16:30,124.878
2019/6/4 16:45,301.595
2019/6/4 17:00,-3.456666667
2019/6/4 17:15,-3.456666667
2019/6/4 17:30,-2.806
2019/6/4 17:45,-1.504666667
2019/6/4 18:00,-1.22
2019/6/4 18:15,-1.22
2019/6/4 18:30,-1.22
2019/6/4 18:45,-1.22
2019/6/4 19:00,-1.22
2019/6/4 19:15,-1.22
2019/6/4 19:30,-1.22
2019/6/4 19:45,-1.22
2019/6/4 20:00,-1.22
2019/6/4 20:15,-1.22
2019/6/4 20:30,-1.22
2019/6/4 20:45,-1.22
2019/6/4 21:00,-1.22
2019/6/4 21:15,-1.22
2019/6/4 21:30,-1.22
2019/6/4 21:45,-1.22
2019/6/4 22:00,-1.22
2019/6/4 22:15,-1.22
2019/6/4 22:30,-1.22
2019/6/4 22:45,-1.22
2019/6/4 23:00,-1.22
2019/6/4 23:15,-1.22
2019/6/4 23:30,-1.22
2019/6/4 23:45,-1.22
2019/6/5 00:00,-1.179333333
2019/6/5 00:15,-1.179333333
2019/6/5 00:30,-1.22
2019/6/5 00:45,-1.22
2019/6/5 01:00,-1.22
2019/6/5 01:15,-1.22
2019/6/5 01:30,-1.22
2019/6/5 01:45,-1.22
2019/6/5 02:00,-1.22
2019/6/5 02:15,-1.22
2019/6/5 02:30,-1.22
2019/6/5 02:45,-1.22
2019/6/5 03:00,-1.22
2019/6/5 03:14,-1.22
2019/6/5 03:29,-1.22
2019/6/5 03:44,-1.22
2019/6/5 03:59,-1.22
2019/6/5 04:14,-1.22
2019/6/5 04:29,-1.22
2019/6/5 04:45,-1.22
2019/6/5 05:00,-1.22
2019/6/5 05:15,-1.22
2019/6/5 05:30,-1.22
2019/6/5 05:45,-1.22
2019/6/5 06:00,-1.22
2019/6/5 06:15,-1.22
2019/6/5 06:30,-1.22
2019/6/5 06:45,-1.22
2019/6/5 07:00,-1.22
2019/6/5 07:15,-1.22
2019/6/5 07:30,-1.22
2019/6/5 07:45,-1.22
2019/6/5 08:00,-0.406666667
2019/6/5 08:15,-0.122
2019/6/5 08:30,-0.040666667
2019/6/5 08:45,0.854666667
2019/6/5 09:00,-0.813333333
2019/6/5 09:15,-1.016666667
2019/6/5 09:30,-1.342
2019/6/5 09:45,-2.236666667
2019/6/5 10:00,-2.521333333
2019/6/5 10:15,-1.708
2019/6/5 10:30,-1.22
2019/6/5 10:45,-2.236666667
2019/6/5 11:00,-3.782
2019/6/5 11:15,-4.432666667
2019/6/5 11:30,-4.961333333
2019/6/5 11:45,604.8973333
2019/6/5 12:00,649.9013333
2019/6/5 12:15,610.5953333
2019/6/5 12:30,673.664
2019/6/5 12:45,650.5926667
2019/6/5 13:00,650.593
2019/6/5 13:15,654.3766667
2019/6/5 13:30,671.5896667
2019/6/5 13:45,632.1593333
2019/6/5 14:00,674.9246667
2019/6/5 14:15,208.7403333
2019/6/5 14:30,280.0303333
2019/6/5 14:45,399.8193333
2019/6/5 15:00,-3.822666667
2019/6/5 15:15,421.2643333
2019/6/5 15:30,419.066
2019/6/5 15:45,442.9926667
2019/6/5 16:00,626.6276667
2019/6/5 16:15,673.2993333
2019/6/5 16:30,650.9583333
2019/6/5 16:45,653.0326667
2019/6/5 17:00,695.3926667
2019/6/5 17:15,184.896
2019/6/5 17:30,-4.066666667
2019/6/5 17:45,419.4726667
2019/6/5 18:00,-2.480666667
2019/6/5 18:15,-3.538
2019/6/5 18:30,-3.66
2019/6/5 18:45,-3.700666667
2019/6/5 19:00,436.076
2019/6/5 19:15,-5.571333333
2019/6/5 19:30,-5.002
2019/6/5 19:45,-4.392
2019/6/5 20:00,-2.318
2019/6/5 20:15,-1.22
2019/6/5 20:30,-1.22
2019/6/5 20:45,-1.22
2019/6/5 21:00,-1.22
2019/6/5 21:15,-1.22
2019/6/5 21:30,-1.22
2019/6/5 21:45,-1.22
2019/6/5 22:00,-1.22
2019/6/5 22:15,-1.22
2019/6/5 22:30,-1.22
2019/6/5 22:45,-1.22
2019/6/5 23:00,-1.22
2019/6/5 23:15,-1.22
2019/6/5 23:30,-1.22
2019/6/5 23:45,-1.22
2019/6/6 00:00,-1.22
2019/6/6 00:15,-1.22
2019/6/6 00:30,-1.22
2019/6/6 00:45,-1.22
2019/6/6 01:00,-1.22
2019/6/6 01:15,-1.22
2019/6/6 01:30,-1.22
2019/6/6 01:45,-1.22
2019/6/6 02:00,-1.22
2019/6/6 02:15,-1.22
2019/6/6 02:30,-1.22
2019/6/6 02:45,-1.22
2019/6/6 03:00,-1.22
2019/6/6 03:15,-1.22
2019/6/6 03:30,-1.22
2019/6/6 03:45,-1.22
2019/6/6 04:00,-1.22
2019/6/6 04:15,-1.22
2019/6/6 04:30,-1.22
2019/6/6 04:45,-1.22
2019/6/6 05:00,-1.22
2019/6/6 05:15,-1.22
2019/6/6 05:30,-1.22
2019/6/6 05:45,-1.22
2019/6/6 06:00,-1.22
2019/6/6 06:15,-1.22
2019/6/6 06:30,-1.22
2019/6/6 06:45,-1.22
2019/6/6 07:00,-1.22
2019/6/6 07:15,-1.22
2019/6/6 07:30,-1.22
2019/6/6 07:45,-1.22
2019/6/6 08:00,-1.22
2019/6/6 08:15,-1.260666667
2019/6/6 08:30,0.813666667
2019/6/6 08:45,-0.081333333
2019/6/6 09:00,-1.382666667
2019/6/6 09:15,-2.846666667
2019/6/6 09:30,-3.619333333
2019/6/6 09:45,441.2426667
2019/6/6 10:00,-3.538
2019/6/6 10:15,-4.920666667
2019/6/6 10:30,-4.920666667
2019/6/6 10:45,-5.246
2019/6/6 11:00,-5.327333333
2019/6/6 11:15,-5.896666667
2019/6/6 11:30,-5.652666667
2019/6/6 11:45,441.2833333
2019/6/6 12:00,-3.578666667
2019/6/6 12:15,159.222
2019/6/6 12:30,493.041
2019/6/6 12:45,208.1306667
2019/6/6 13:00,300.7
2019/6/6 13:15,106.4463333
2019/6/6 13:30,-3.578666667
2019/6/6 13:45,-3.904
2019/6/6 14:00,-4.27
2019/6/6 14:15,-4.839333333
2019/6/6 14:30,-5.571333333
2019/6/6 14:45,181.724
2019/6/6 15:00,629.148
2019/6/6 15:15,560.4626667
2019/6/6 15:30,419.066
2019/6/6 15:45,627.644
2019/6/6 16:00,187.42
2019/6/6 16:15,-3.538
2019/6/6 16:30,-3.863333333
2019/6/6 16:45,-3.904
2019/6/6 17:00,43.01133333
2019/6/6 17:15,395.3846667
2019/6/6 17:30,-3.212666667
2019/6/6 17:45,419.432
2019/6/6 18:00,-2.521333333
2019/6/6 18:15,-2.887333333
2019/6/6 18:30,391.8873333
2019/6/6 18:45,17.66233333
2019/6/6 19:00,-6.059333333
2019/6/6 19:15,-5.205
2019/6/6 19:30,-5.937333333
2019/6/6 19:45,-5.327333333
2019/6/6 20:00,-4.758
2019/6/6 20:15,-2.643333333
2019/6/6 20:30,-1.301333333
2019/6/6 20:45,-1.22
2019/6/6 21:00,-1.22
2019/6/6 21:15,-1.22
2019/6/6 21:30,-1.22
2019/6/6 21:45,-1.22
2019/6/6 22:00,-1.22
2019/6/6 22:16,-1.22
2019/6/6 22:31,-1.22
2019/6/6 22:46,-1.22
2019/6/6 23:01,-1.22
2019/6/6 23:16,-1.22
2019/6/6 23:31,-1.22
2019/6/6 23:46,-1.22
2019/6/7 00:00,-1.22
2019/6/7 00:15,-1.22
2019/6/7 00:30,-1.22
2019/6/7 00:45,-1.22
2019/6/7 01:00,-1.22
2019/6/7 01:15,-1.22
2019/6/7 01:30,-1.22
2019/6/7 01:45,-1.22
2019/6/7 02:00,-1.22
2019/6/7 02:15,-1.22
2019/6/7 02:30,-1.22
2019/6/7 02:45,-1.22
2019/6/7 03:00,-1.22
2019/6/7 03:15,-1.22
2019/6/7 03:30,-1.22
2019/6/7 03:45,-1.22
2019/6/7 04:00,-1.22
2019/6/7 04:15,-1.22
2019/6/7 04:30,-1.22
2019/6/7 04:45,-1.22
2019/6/7 05:00,-1.22
2019/6/7 05:15,-1.22
2019/6/7 05:30,-1.22
2019/6/7 05:45,-1.22
2019/6/7 06:00,-1.22
2019/6/7 06:15,-1.22
2019/6/7 06:30,-1.22
2019/6/7 06:45,-1.22
2019/6/7 07:00,-1.22
2019/6/7 07:15,-1.22
2019/6/7 07:30,-1.22
2019/6/7 07:45,-1.22
2019/6/7 08:00,-0.325333333
2019/6/7 08:15,-0.691333333
2019/6/7 08:30,-0.935
2019/6/7 08:45,-2.277333333
2019/6/7 09:00,-3.090666667
2019/6/7 09:15,-3.090666667
2019/6/7 09:30,-3.66
2019/6/7 09:45,-3.700666667
2019/6/7 10:00,-3.456666667
2019/6/7 10:15,-2.196
2019/6/7 10:30,-1.22
2019/6/7 10:45,-3.334666667
2019/6/7 11:00,-3.700666667
2019/6/7 11:15,-3.782
2019/6/7 11:30,-3.822666667
2019/6/7 11:45,-4.066666667
2019/6/7 12:00,-4.798666667
2019/6/7 12:15,-4.961333333
2019/6/7 12:30,-5.327333333
2019/6/7 12:45,-5.693333333
2019/6/7 13:00,-5.205333333
2019/6/7 13:15,-5.246
2019/6/7 13:30,-5.408666667
2019/6/7 13:45,-5.815333333
2019/6/7 14:00,-5.327333333
2019/6/7 14:15,-5.164666667
2019/6/7 14:30,-5.042666667
2019/6/7 14:45,-4.961333333
2019/6/7 15:00,-4.717333333
2019/6/7 15:15,-4.839333333
2019/6/7 15:30,-4.432666667
2019/6/7 15:45,-4.351333333
2019/6/7 16:00,-4.066666667
2019/6/7 16:15,-3.863333333
2019/6/7 16:30,-3.66
2019/6/7 16:45,-3.619333333
2019/6/7 17:00,-3.66
2019/6/7 17:15,206.788
2019/6/7 17:30,232.9093333
2019/6/7 17:45,416.6256667
2019/6/7 18:00,-1.707666667
2019/6/7 18:15,409.9533333
2019/6/7 18:30,-4.88
2019/6/7 18:45,-4.961333333
2019/6/7 19:00,-4.920666667
2019/6/7 19:15,391.6433333
2019/6/7 19:30,44.19066667
2019/6/7 19:45,-1.708
2019/6/7 20:00,-1.22
2019/6/7 20:15,-1.22
2019/6/7 20:30,-1.22
2019/6/7 20:45,-1.22
2019/6/7 21:00,-1.22
2019/6/7 21:15,-1.22
2019/6/7 21:30,-1.22
2019/6/7 21:45,-1.22
2019/6/7 22:00,-1.22
2019/6/7 22:15,-1.22
2019/6/7 22:30,-1.22
2019/6/7 22:45,-1.22
2019/6/7 23:00,-1.22
2019/6/7 23:15,-1.22
2019/6/7 23:30,-1.22
2019/6/7 23:45,-1.22